name,price,value,type,color,brand,supported_ram_type
MSI Z790 LGA1700 ATX MB-0001,1123,89,motherboard,black,MSI,DDR5
ASUS Z790 AM5 ATX MB-0002,1865,92,motherboard,black,ASUS,DDR3
Biostar Z790 LGA1700 ATX MB-0003,545,66,motherboard,silver,Biostar,DDR3
MSI B760 AM5 Mini-ITX MB-0004,394,54,motherboard,white,MSI,DDR3
Gigabyte Z790 AM5 mATX MB-0005,1877,84,motherboard,silver,Gigabyte,DDR3
Biostar B650 LGA1700 mATX MB-0006,1758,88,motherboard,white,Biostar,DDR4
ASRock B650 AM5 Mini-ITX MB-0007,1399,55,motherboard,black,ASRock,DDR3
Biostar B650 AM5 Mini-ITX MB-0008,1005,68,motherboard,gray,Biostar,DDR4
MSI B760 AM5 Mini-ITX MB-0009,1821,75,motherboard,gray,MSI,DDR5
Biostar B760 LGA1700 ATX MB-0010,2063,72,motherboard,gray,Biostar,DDR3
Biostar Z790 AM5 Mini-ITX MB-0011,1226,66,motherboard,silver,Biostar,DDR4
MSI B760 AM5 ATX MB-0012,1441,86,motherboard,silver,MSI,DDR5
ASRock X670 AM5 mATX MB-0013,1192,45,motherboard,gray,ASRock,DDR3
Biostar X670 LGA1700 Mini-ITX MB-0014,513,52,motherboard,silver,Biostar,DDR5
ASUS X670 LGA1700 ATX MB-0015,617,88,motherboard,white,ASUS,DDR4
ASRock B760 LGA1700 ATX MB-0016,609,79,motherboard,black,ASRock,DDR5
ASUS B760 AM5 ATX MB-0017,1187,88,motherboard,silver,ASUS,DDR3
ASRock X670 LGA1700 mATX MB-0018,333,94,motherboard,silver,ASRock,DDR4
Biostar B760 AM5 Mini-ITX MB-0019,1452,64,motherboard,gray,Biostar,DDR3
Biostar Z790 AM5 ATX MB-0020,766,49,motherboard,black,Biostar,DDR3
Biostar B650 AM5 mATX MB-0021,904,77,motherboard,silver,Biostar,DDR4
ASRock B650 AM5 Mini-ITX MB-0022,1136,69,motherboard,silver,ASRock,DDR3
MSI Z790 LGA1700 Mini-ITX MB-0023,1499,81,motherboard,gray,MSI,DDR3
ASUS B650 AM5 ATX MB-0024,759,88,motherboard,silver,ASUS,DDR3
ASRock Z790 AM5 Mini-ITX MB-0025,1580,93,motherboard,silver,ASRock,DDR3
ASRock B760 AM5 mATX MB-0026,1859,56,motherboard,black,ASRock,DDR4
ASUS Z790 AM5 mATX MB-0027,554,98,motherboard,white,ASUS,DDR3
ASUS Z790 LGA1700 ATX MB-0028,664,47,motherboard,black,ASUS,DDR4
ASRock X670 LGA1700 mATX MB-0029,1955,96,motherboard,gray,ASRock,DDR5
MSI Z790 LGA1700 ATX MB-0030,525,96,motherboard,black,MSI,DDR5
ASUS B760 LGA1700 ATX MB-0031,1812,78,motherboard,silver,ASUS,DDR3
Gigabyte Z790 AM5 Mini-ITX MB-0032,651,60,motherboard,silver,Gigabyte,DDR5
MSI B760 LGA1700 Mini-ITX MB-0033,1395,59,motherboard,white,MSI,DDR4
Biostar B760 LGA1700 mATX MB-0034,1757,75,motherboard,white,Biostar,DDR4
Gigabyte B760 AM5 ATX MB-0035,1426,49,motherboard,white,Gigabyte,DDR3
ASUS B650 AM5 Mini-ITX MB-0036,2048,62,motherboard,white,ASUS,DDR5
Biostar X670 LGA1700 mATX MB-0037,431,49,motherboard,black,Biostar,DDR3
ASRock B760 LGA1700 Mini-ITX MB-0038,1164,60,motherboard,white,ASRock,DDR4
Biostar Z790 LGA1700 mATX MB-0039,1790,55,motherboard,gray,Biostar,DDR3
ASRock B760 LGA1700 mATX MB-0040,2053,63,motherboard,black,ASRock,DDR4
Gigabyte B760 AM5 mATX MB-0041,2024,58,motherboard,gray,Gigabyte,DDR4
Biostar B760 LGA1700 mATX MB-0042,2135,47,motherboard,gray,Biostar,DDR4
Biostar B760 LGA1700 mATX MB-0043,988,61,motherboard,silver,Biostar,DDR5
Biostar X670 AM5 ATX MB-0044,920,67,motherboard,silver,Biostar,DDR4
MSI B650 AM5 mATX MB-0045,1810,95,motherboard,white,MSI,DDR4
ASUS X670 LGA1700 mATX MB-0046,345,65,motherboard,silver,ASUS,DDR5
Gigabyte Z790 LGA1700 Mini-ITX MB-0047,803,82,motherboard,silver,Gigabyte,DDR5
Biostar B650 LGA1700 mATX MB-0048,310,78,motherboard,silver,Biostar,DDR3
ASRock Z790 AM5 Mini-ITX MB-0049,1903,75,motherboard,white,ASRock,DDR4
MSI B650 AM5 mATX MB-0050,588,49,motherboard,white,MSI,DDR5
ASUS Z790 AM5 Mini-ITX MB-0051,1411,95,motherboard,silver,ASUS,DDR4
Gigabyte B650 LGA1700 ATX MB-0052,1180,72,motherboard,white,Gigabyte,DDR5
Biostar X670 AM5 ATX MB-0053,2235,47,motherboard,gray,Biostar,DDR5
ASRock B650 LGA1700 Mini-ITX MB-0054,2165,87,motherboard,gray,ASRock,DDR4
MSI B760 LGA1700 ATX MB-0055,415,96,motherboard,silver,MSI,DDR4
ASUS B760 LGA1700 mATX MB-0056,1000,77,motherboard,gray,ASUS,DDR3
Biostar B650 AM5 mATX MB-0057,1239,49,motherboard,silver,Biostar,DDR4
Biostar X670 LGA1700 mATX MB-0058,518,66,motherboard,white,Biostar,DDR4
MSI B650 AM5 mATX MB-0059,1288,68,motherboard,white,MSI,DDR3
ASRock X670 LGA1700 ATX MB-0060,1713,93,motherboard,white,ASRock,DDR4
MSI B760 AM5 mATX MB-0061,1857,48,motherboard,white,MSI,DDR4
ASRock Z790 LGA1700 Mini-ITX MB-0062,1861,50,motherboard,white,ASRock,DDR3
ASRock Z790 LGA1700 Mini-ITX MB-0063,637,62,motherboard,gray,ASRock,DDR4
Gigabyte B760 AM5 mATX MB-0064,1085,87,motherboard,white,Gigabyte,DDR3
ASUS B760 LGA1700 mATX MB-0065,327,95,motherboard,gray,ASUS,DDR5
Biostar B760 AM5 ATX MB-0066,2264,76,motherboard,silver,Biostar,DDR3
ASRock B650 AM5 ATX MB-0067,1058,95,motherboard,black,ASRock,DDR4
ASRock X670 AM5 mATX MB-0068,1214,53,motherboard,black,ASRock,DDR5
Gigabyte X670 AM5 mATX MB-0069,1190,72,motherboard,black,Gigabyte,DDR5
ASUS Z790 AM5 ATX MB-0070,804,82,motherboard,gray,ASUS,DDR5
ASRock Z790 LGA1700 mATX MB-0071,451,82,motherboard,gray,ASRock,DDR4
Biostar B760 LGA1700 Mini-ITX MB-0072,991,47,motherboard,white,Biostar,DDR5
Gigabyte Z790 AM5 ATX MB-0073,1333,57,motherboard,white,Gigabyte,DDR4
Gigabyte B760 AM5 mATX MB-0074,1305,97,motherboard,black,Gigabyte,DDR3
MSI B650 AM5 mATX MB-0075,1903,57,motherboard,white,MSI,DDR3
Gigabyte X670 LGA1700 Mini-ITX MB-0076,1024,58,motherboard,gray,Gigabyte,DDR5
Biostar Z790 AM5 Mini-ITX MB-0077,1731,63,motherboard,gray,Biostar,DDR4
ASRock B650 AM5 ATX MB-0078,1947,98,motherboard,white,ASRock,DDR3
Gigabyte X670 AM5 mATX MB-0079,1934,77,motherboard,white,Gigabyte,DDR5
Gigabyte X670 AM5 ATX MB-0080,1895,80,motherboard,black,Gigabyte,DDR4
ASRock B650 AM5 ATX MB-0081,459,85,motherboard,black,ASRock,DDR4
ASUS Z790 AM5 mATX MB-0082,1552,61,motherboard,black,ASUS,DDR5
ASRock Z790 AM5 ATX MB-0083,1566,100,motherboard,silver,ASRock,DDR4
Gigabyte X670 LGA1700 ATX MB-0084,549,48,motherboard,black,Gigabyte,DDR4
Gigabyte B650 AM5 mATX MB-0085,329,93,motherboard,silver,Gigabyte,DDR3
Gigabyte B760 LGA1700 ATX MB-0086,1737,67,motherboard,silver,Gigabyte,DDR3
ASUS X670 AM5 ATX MB-0087,1463,95,motherboard,black,ASUS,DDR4
Biostar X670 AM5 ATX MB-0088,1713,50,motherboard,silver,Biostar,DDR3
ASUS X670 AM5 Mini-ITX MB-0089,2260,78,motherboard,silver,ASUS,DDR4
ASRock B650 LGA1700 mATX MB-0090,366,72,motherboard,gray,ASRock,DDR3
Biostar Z790 AM5 Mini-ITX MB-0091,2201,66,motherboard,silver,Biostar,DDR5
Gigabyte Z790 LGA1700 Mini-ITX MB-0092,1055,63,motherboard,black,Gigabyte,DDR4
Biostar B760 LGA1700 ATX MB-0093,1548,83,motherboard,silver,Biostar,DDR3
ASUS X670 LGA1700 mATX MB-0094,459,96,motherboard,gray,ASUS,DDR5
Biostar Z790 LGA1700 Mini-ITX MB-0095,1991,67,motherboard,silver,Biostar,DDR5
ASUS X670 AM5 Mini-ITX MB-0096,1709,60,motherboard,gray,ASUS,DDR5
Biostar X670 AM5 mATX MB-0097,677,68,motherboard,silver,Biostar,DDR3
ASUS B760 LGA1700 Mini-ITX MB-0098,688,96,motherboard,gray,ASUS,DDR4
ASRock Z790 LGA1700 ATX MB-0099,769,51,motherboard,gray,ASRock,DDR5
Gigabyte X670 AM5 Mini-ITX MB-0100,1230,76,motherboard,white,Gigabyte,DDR3
Gigabyte B650 AM5 mATX MB-0101,1163,98,motherboard,black,Gigabyte,DDR5
Gigabyte X670 AM5 ATX MB-0102,1865,77,motherboard,black,Gigabyte,DDR4
Gigabyte X670 LGA1700 ATX MB-0103,675,67,motherboard,silver,Gigabyte,DDR3
Gigabyte B650 AM5 mATX MB-0104,1499,77,motherboard,black,Gigabyte,DDR5
ASRock Z790 LGA1700 Mini-ITX MB-0105,2136,60,motherboard,white,ASRock,DDR5
ASUS Z790 AM5 Mini-ITX MB-0106,1540,83,motherboard,white,ASUS,DDR3
Gigabyte B760 LGA1700 ATX MB-0107,364,47,motherboard,silver,Gigabyte,DDR5
MSI X670 AM5 Mini-ITX MB-0108,2008,59,motherboard,gray,MSI,DDR4
Biostar B650 LGA1700 ATX MB-0109,623,99,motherboard,gray,Biostar,DDR4
ASRock B760 LGA1700 ATX MB-0110,2109,94,motherboard,gray,ASRock,DDR5
MSI Z790 AM5 ATX MB-0111,1427,49,motherboard,white,MSI,DDR3
Biostar B760 AM5 Mini-ITX MB-0112,335,59,motherboard,gray,Biostar,DDR4
ASUS B650 LGA1700 Mini-ITX MB-0113,432,93,motherboard,gray,ASUS,DDR4
Gigabyte Z790 AM5 Mini-ITX MB-0114,1600,47,motherboard,gray,Gigabyte,DDR5
MSI Z790 AM5 Mini-ITX MB-0115,821,94,motherboard,black,MSI,DDR4
Biostar X670 LGA1700 ATX MB-0116,1937,77,motherboard,gray,Biostar,DDR5
Gigabyte X670 AM5 mATX MB-0117,2127,50,motherboard,silver,Gigabyte,DDR5
Gigabyte X670 AM5 Mini-ITX MB-0118,749,97,motherboard,gray,Gigabyte,DDR5
Biostar X670 LGA1700 mATX MB-0119,2073,95,motherboard,black,Biostar,DDR3
ASUS B760 LGA1700 mATX MB-0120,1701,98,motherboard,gray,ASUS,DDR4
MSI X670 LGA1700 mATX MB-0121,1729,72,motherboard,silver,MSI,DDR4
ASRock X670 AM5 ATX MB-0122,1287,73,motherboard,silver,ASRock,DDR3
ASUS Z790 AM5 mATX MB-0123,1078,57,motherboard,white,ASUS,DDR3
ASUS X670 AM5 mATX MB-0124,1334,56,motherboard,black,ASUS,DDR4
ASUS X670 LGA1700 Mini-ITX MB-0125,1303,91,motherboard,black,ASUS,DDR4
ASUS B650 AM5 Mini-ITX MB-0126,879,69,motherboard,white,ASUS,DDR4
ASRock X670 LGA1700 Mini-ITX MB-0127,1984,70,motherboard,black,ASRock,DDR3
ASUS B760 LGA1700 Mini-ITX MB-0128,998,70,motherboard,black,ASUS,DDR5
ASRock Z790 AM5 mATX MB-0129,2283,82,motherboard,white,ASRock,DDR3
ASRock X670 LGA1700 mATX MB-0130,607,70,motherboard,silver,ASRock,DDR4
ASUS B760 LGA1700 mATX MB-0131,901,46,motherboard,gray,ASUS,DDR5
MSI B650 LGA1700 mATX MB-0132,609,45,motherboard,gray,MSI,DDR5
Gigabyte B760 AM5 mATX MB-0133,377,49,motherboard,black,Gigabyte,DDR5
MSI B650 LGA1700 ATX MB-0134,499,50,motherboard,gray,MSI,DDR5
ASRock B650 AM5 Mini-ITX MB-0135,1916,63,motherboard,gray,ASRock,DDR3
Gigabyte Z790 LGA1700 ATX MB-0136,1510,58,motherboard,silver,Gigabyte,DDR5
MSI B760 LGA1700 Mini-ITX MB-0137,1833,62,motherboard,gray,MSI,DDR5
Biostar Z790 LGA1700 mATX MB-0138,1281,54,motherboard,white,Biostar,DDR5
MSI Z790 AM5 ATX MB-0139,1838,66,motherboard,silver,MSI,DDR3
ASUS X670 LGA1700 mATX MB-0140,1266,77,motherboard,silver,ASUS,DDR4
ASRock B760 AM5 Mini-ITX MB-0141,1734,96,motherboard,white,ASRock,DDR4
ASUS Z790 LGA1700 mATX MB-0142,569,68,motherboard,white,ASUS,DDR3
ASRock Z790 AM5 ATX MB-0143,1450,83,motherboard,black,ASRock,DDR5
ASUS B760 AM5 Mini-ITX MB-0144,1147,53,motherboard,white,ASUS,DDR4
MSI X670 LGA1700 Mini-ITX MB-0145,1296,71,motherboard,white,MSI,DDR4
ASUS B650 LGA1700 mATX MB-0146,433,67,motherboard,silver,ASUS,DDR4
MSI Z790 AM5 ATX MB-0147,1499,91,motherboard,gray,MSI,DDR3
ASUS B760 LGA1700 ATX MB-0148,2005,91,motherboard,gray,ASUS,DDR4
MSI B650 AM5 ATX MB-0149,813,46,motherboard,gray,MSI,DDR3
ASUS B650 AM5 mATX MB-0150,1487,84,motherboard,silver,ASUS,DDR4
MSI B760 LGA1700 ATX MB-0151,415,80,motherboard,silver,MSI,DDR5
ASUS B650 LGA1700 Mini-ITX MB-0152,1976,87,motherboard,white,ASUS,DDR5
MSI B760 AM5 ATX MB-0153,732,96,motherboard,black,MSI,DDR5
Biostar Z790 AM5 ATX MB-0154,795,53,motherboard,gray,Biostar,DDR4
Biostar B760 LGA1700 mATX MB-0155,653,45,motherboard,gray,Biostar,DDR4
MSI B760 LGA1700 mATX MB-0156,1138,88,motherboard,silver,MSI,DDR3
Gigabyte B760 AM5 Mini-ITX MB-0157,656,58,motherboard,white,Gigabyte,DDR3
ASRock X670 LGA1700 Mini-ITX MB-0158,1929,61,motherboard,silver,ASRock,DDR3
MSI X670 AM5 mATX MB-0159,1938,73,motherboard,white,MSI,DDR4
Biostar Z790 LGA1700 Mini-ITX MB-0160,1377,80,motherboard,black,Biostar,DDR4
Biostar B650 LGA1700 Mini-ITX MB-0161,1994,53,motherboard,black,Biostar,DDR3
Gigabyte X670 AM5 ATX MB-0162,929,50,motherboard,silver,Gigabyte,DDR4
Biostar B650 AM5 mATX MB-0163,940,72,motherboard,white,Biostar,DDR5
Biostar B760 AM5 mATX MB-0164,1554,65,motherboard,white,Biostar,DDR5
ASRock B650 LGA1700 ATX MB-0165,802,95,motherboard,gray,ASRock,DDR3
Gigabyte Z790 AM5 ATX MB-0166,341,68,motherboard,gray,Gigabyte,DDR4
ASRock B650 AM5 Mini-ITX MB-0167,1753,86,motherboard,black,ASRock,DDR4
Biostar B760 AM5 ATX MB-0168,2145,67,motherboard,black,Biostar,DDR3
ASUS B760 LGA1700 ATX MB-0169,463,59,motherboard,gray,ASUS,DDR5
MSI Z790 AM5 Mini-ITX MB-0170,537,62,motherboard,black,MSI,DDR3
Biostar X670 LGA1700 ATX MB-0171,766,79,motherboard,white,Biostar,DDR3
MSI X670 LGA1700 ATX MB-0172,870,65,motherboard,silver,MSI,DDR4
MSI Z790 LGA1700 Mini-ITX MB-0173,581,59,motherboard,silver,MSI,DDR4
Gigabyte B650 LGA1700 ATX MB-0174,849,75,motherboard,gray,Gigabyte,DDR3
Biostar B650 LGA1700 ATX MB-0175,1916,45,motherboard,black,Biostar,DDR4
MSI B650 AM5 mATX MB-0176,697,63,motherboard,white,MSI,DDR5
ASUS Z790 LGA1700 mATX MB-0177,1272,71,motherboard,gray,ASUS,DDR5
Biostar B760 LGA1700 Mini-ITX MB-0178,1057,66,motherboard,white,Biostar,DDR5
ASRock X670 AM5 Mini-ITX MB-0179,1115,76,motherboard,white,ASRock,DDR4
MSI Z790 AM5 mATX MB-0180,2094,48,motherboard,white,MSI,DDR3
ASRock X670 LGA1700 ATX MB-0181,1858,46,motherboard,white,ASRock,DDR3
Gigabyte B650 AM5 mATX MB-0182,1420,52,motherboard,white,Gigabyte,DDR3
Gigabyte X670 AM5 ATX MB-0183,1988,93,motherboard,black,Gigabyte,DDR3
Gigabyte Z790 AM5 ATX MB-0184,348,63,motherboard,silver,Gigabyte,DDR3
ASUS Z790 AM5 Mini-ITX MB-0185,1004,62,motherboard,silver,ASUS,DDR4
ASRock B650 AM5 ATX MB-0186,583,48,motherboard,silver,ASRock,DDR3
MSI B760 AM5 ATX MB-0187,1564,54,motherboard,gray,MSI,DDR5
Biostar B650 AM5 mATX MB-0188,424,99,motherboard,silver,Biostar,DDR4
ASRock Z790 AM5 ATX MB-0189,747,71,motherboard,gray,ASRock,DDR4
ASUS B650 LGA1700 ATX MB-0190,2221,81,motherboard,silver,ASUS,DDR5
Gigabyte X670 LGA1700 mATX MB-0191,1455,60,motherboard,silver,Gigabyte,DDR5
Gigabyte Z790 AM5 Mini-ITX MB-0192,391,51,motherboard,black,Gigabyte,DDR4
Biostar Z790 LGA1700 ATX MB-0193,1978,85,motherboard,black,Biostar,DDR5
MSI Z790 AM5 Mini-ITX MB-0194,644,91,motherboard,gray,MSI,DDR4
Gigabyte Z790 AM5 ATX MB-0195,1975,76,motherboard,white,Gigabyte,DDR3
Biostar B650 AM5 mATX MB-0196,1592,93,motherboard,gray,Biostar,DDR5
MSI X670 LGA1700 mATX MB-0197,324,61,motherboard,silver,MSI,DDR3
MSI Z790 AM5 ATX MB-0198,1965,46,motherboard,silver,MSI,DDR4
Gigabyte X670 LGA1700 Mini-ITX MB-0199,1478,96,motherboard,gray,Gigabyte,DDR3
ASRock X670 LGA1700 mATX MB-0200,517,52,motherboard,gray,ASRock,DDR4
Biostar B760 AM5 Mini-ITX MB-0201,1306,73,motherboard,silver,Biostar,DDR3
ASRock Z790 AM5 mATX MB-0202,2225,89,motherboard,white,ASRock,DDR3
Biostar B760 LGA1700 Mini-ITX MB-0203,2246,63,motherboard,silver,Biostar,DDR4
ASUS B760 LGA1700 ATX MB-0204,765,72,motherboard,silver,ASUS,DDR3
Gigabyte Z790 AM5 Mini-ITX MB-0205,614,66,motherboard,black,Gigabyte,DDR4
ASRock X670 AM5 Mini-ITX MB-0206,1903,85,motherboard,white,ASRock,DDR3
ASRock B650 LGA1700 mATX MB-0207,373,66,motherboard,silver,ASRock,DDR3
MSI B760 AM5 Mini-ITX MB-0208,1304,85,motherboard,gray,MSI,DDR3
MSI X670 AM5 mATX MB-0209,1205,89,motherboard,black,MSI,DDR5
ASUS X670 AM5 mATX MB-0210,596,49,motherboard,black,ASUS,DDR3
ASUS B760 LGA1700 mATX MB-0211,2166,52,motherboard,gray,ASUS,DDR4
Biostar Z790 LGA1700 mATX MB-0212,338,87,motherboard,white,Biostar,DDR3
Biostar Z790 LGA1700 Mini-ITX MB-0213,1959,56,motherboard,black,Biostar,DDR4
ASUS X670 LGA1700 ATX MB-0214,1325,51,motherboard,gray,ASUS,DDR4
MSI Z790 AM5 Mini-ITX MB-0215,1249,65,motherboard,white,MSI,DDR5
Biostar X670 AM5 Mini-ITX MB-0216,1515,58,motherboard,white,Biostar,DDR3
ASUS B760 LGA1700 Mini-ITX MB-0217,440,49,motherboard,silver,ASUS,DDR5
MSI B650 LGA1700 Mini-ITX MB-0218,674,48,motherboard,black,MSI,DDR4
Gigabyte B760 AM5 Mini-ITX MB-0219,634,80,motherboard,gray,Gigabyte,DDR4
MSI B760 AM5 ATX MB-0220,1460,66,motherboard,white,MSI,DDR5
ASRock B650 AM5 ATX MB-0221,1003,51,motherboard,silver,ASRock,DDR5
ASUS B650 AM5 mATX MB-0222,1169,45,motherboard,black,ASUS,DDR4
ASRock X670 AM5 mATX MB-0223,2236,68,motherboard,gray,ASRock,DDR3
Gigabyte Z790 LGA1700 Mini-ITX MB-0224,1825,83,motherboard,gray,Gigabyte,DDR3
ASRock B650 LGA1700 ATX MB-0225,1166,52,motherboard,black,ASRock,DDR5
ASUS B760 AM5 Mini-ITX MB-0226,2180,75,motherboard,silver,ASUS,DDR5
ASUS Z790 AM5 Mini-ITX MB-0227,302,54,motherboard,white,ASUS,DDR5
Biostar B760 LGA1700 Mini-ITX MB-0228,1833,46,motherboard,white,Biostar,DDR4
MSI Z790 AM5 mATX MB-0229,566,59,motherboard,gray,MSI,DDR5
MSI B650 AM5 mATX MB-0230,2244,75,motherboard,white,MSI,DDR5
MSI X670 LGA1700 Mini-ITX MB-0231,1906,77,motherboard,silver,MSI,DDR3
ASRock B650 AM5 mATX MB-0232,1871,74,motherboard,gray,ASRock,DDR4
ASRock B760 AM5 Mini-ITX MB-0233,651,69,motherboard,white,ASRock,DDR3
ASUS B760 AM5 ATX MB-0234,593,78,motherboard,silver,ASUS,DDR5
ASUS B760 AM5 Mini-ITX MB-0235,601,64,motherboard,silver,ASUS,DDR5
ASUS B760 AM5 mATX MB-0236,1587,58,motherboard,white,ASUS,DDR4
Gigabyte B650 AM5 Mini-ITX MB-0237,2291,97,motherboard,gray,Gigabyte,DDR4
Gigabyte Z790 AM5 mATX MB-0238,1616,86,motherboard,silver,Gigabyte,DDR4
ASUS Z790 AM5 Mini-ITX MB-0239,605,63,motherboard,silver,ASUS,DDR4
Gigabyte B760 AM5 mATX MB-0240,433,57,motherboard,gray,Gigabyte,DDR5
ASRock B650 LGA1700 ATX MB-0241,868,89,motherboard,gray,ASRock,DDR3
ASRock X670 LGA1700 mATX MB-0242,1885,87,motherboard,black,ASRock,DDR3
Gigabyte X670 LGA1700 ATX MB-0243,680,86,motherboard,white,Gigabyte,DDR3
MSI B760 LGA1700 ATX MB-0244,635,50,motherboard,black,MSI,DDR5
ASUS B650 AM5 ATX MB-0245,644,45,motherboard,white,ASUS,DDR4
MSI Z790 LGA1700 ATX MB-0246,2040,71,motherboard,gray,MSI,DDR5
ASRock Z790 LGA1700 Mini-ITX MB-0247,750,52,motherboard,gray,ASRock,DDR4
Biostar B760 LGA1700 Mini-ITX MB-0248,2016,97,motherboard,silver,Biostar,DDR5
Biostar B760 LGA1700 Mini-ITX MB-0249,2284,94,motherboard,gray,Biostar,DDR3
MSI B650 LGA1700 Mini-ITX MB-0250,1449,73,motherboard,gray,MSI,DDR3
Gigabyte B760 AM5 mATX MB-0251,2066,47,motherboard,silver,Gigabyte,DDR4
ASUS B650 LGA1700 mATX MB-0252,1176,55,motherboard,black,ASUS,DDR5
Gigabyte X670 AM5 mATX MB-0253,2288,64,motherboard,black,Gigabyte,DDR4
MSI B760 LGA1700 Mini-ITX MB-0254,353,99,motherboard,gray,MSI,DDR5
ASUS Z790 AM5 mATX MB-0255,1640,99,motherboard,white,ASUS,DDR3
Gigabyte B760 LGA1700 Mini-ITX MB-0256,1311,69,motherboard,black,Gigabyte,DDR5
ASUS X670 AM5 Mini-ITX MB-0257,604,54,motherboard,silver,ASUS,DDR3
ASUS B760 AM5 ATX MB-0258,1466,49,motherboard,silver,ASUS,DDR5
Biostar X670 LGA1700 ATX MB-0259,2151,75,motherboard,silver,Biostar,DDR4
ASRock X670 AM5 ATX MB-0260,1847,51,motherboard,black,ASRock,DDR4
ASUS X670 LGA1700 mATX MB-0261,1372,62,motherboard,white,ASUS,DDR3
Gigabyte X670 LGA1700 Mini-ITX MB-0262,629,46,motherboard,black,Gigabyte,DDR5
ASRock X670 AM5 Mini-ITX MB-0263,746,52,motherboard,black,ASRock,DDR3
ASRock Z790 AM5 mATX MB-0264,612,82,motherboard,black,ASRock,DDR4
Gigabyte X670 AM5 mATX MB-0265,1070,99,motherboard,black,Gigabyte,DDR3
ASUS B760 LGA1700 mATX MB-0266,1817,82,motherboard,white,ASUS,DDR4
ASRock X670 LGA1700 mATX MB-0267,1399,60,motherboard,silver,ASRock,DDR4
MSI X670 LGA1700 mATX MB-0268,684,75,motherboard,black,MSI,DDR4
ASRock B650 AM5 Mini-ITX MB-0269,1172,89,motherboard,silver,ASRock,DDR5
ASUS B650 LGA1700 Mini-ITX MB-0270,976,58,motherboard,black,ASUS,DDR4
ASRock Z790 AM5 Mini-ITX MB-0271,1471,66,motherboard,black,ASRock,DDR3
ASRock Z790 LGA1700 ATX MB-0272,1271,52,motherboard,black,ASRock,DDR4
ASRock X670 AM5 Mini-ITX MB-0273,1979,55,motherboard,silver,ASRock,DDR3
ASRock Z790 LGA1700 Mini-ITX MB-0274,937,47,motherboard,gray,ASRock,DDR4
Gigabyte B650 AM5 ATX MB-0275,1260,60,motherboard,gray,Gigabyte,DDR4
Gigabyte Z790 LGA1700 ATX MB-0276,1446,77,motherboard,black,Gigabyte,DDR4
Gigabyte Z790 AM5 mATX MB-0277,950,54,motherboard,gray,Gigabyte,DDR4
Gigabyte X670 AM5 mATX MB-0278,1235,55,motherboard,white,Gigabyte,DDR5
Biostar X670 AM5 mATX MB-0279,1738,99,motherboard,black,Biostar,DDR3
Gigabyte B650 AM5 Mini-ITX MB-0280,1863,57,motherboard,white,Gigabyte,DDR3
Gigabyte X670 LGA1700 Mini-ITX MB-0281,1526,97,motherboard,white,Gigabyte,DDR4
Biostar B760 LGA1700 Mini-ITX MB-0282,315,97,motherboard,black,Biostar,DDR4
ASRock B650 LGA1700 ATX MB-0283,1248,71,motherboard,white,ASRock,DDR4
ASRock X670 LGA1700 ATX MB-0284,1726,55,motherboard,black,ASRock,DDR3
MSI B650 AM5 ATX MB-0285,1329,56,motherboard,black,MSI,DDR5
MSI X670 LGA1700 mATX MB-0286,846,86,motherboard,silver,MSI,DDR3
Biostar B650 LGA1700 ATX MB-0287,359,69,motherboard,silver,Biostar,DDR3
Gigabyte Z790 LGA1700 ATX MB-0288,585,61,motherboard,gray,Gigabyte,DDR5
Gigabyte B650 LGA1700 mATX MB-0289,1898,61,motherboard,silver,Gigabyte,DDR3
Gigabyte X670 LGA1700 mATX MB-0290,2144,46,motherboard,black,Gigabyte,DDR4
ASRock B650 LGA1700 Mini-ITX MB-0291,1945,91,motherboard,white,ASRock,DDR5
ASRock X670 AM5 ATX MB-0292,2188,49,motherboard,white,ASRock,DDR5
Gigabyte B650 LGA1700 ATX MB-0293,366,95,motherboard,gray,Gigabyte,DDR4
MSI B760 LGA1700 mATX MB-0294,424,66,motherboard,silver,MSI,DDR5
ASRock B650 LGA1700 mATX MB-0295,1469,66,motherboard,gray,ASRock,DDR5
ASUS B650 AM5 Mini-ITX MB-0296,1875,47,motherboard,silver,ASUS,DDR5
ASUS X670 AM5 ATX MB-0297,965,73,motherboard,black,ASUS,DDR5
Gigabyte B650 AM5 mATX MB-0298,2167,69,motherboard,white,Gigabyte,DDR4
Biostar B760 LGA1700 Mini-ITX MB-0299,1747,98,motherboard,black,Biostar,DDR4
Gigabyte X670 AM5 mATX MB-0300,1755,76,motherboard,white,Gigabyte,DDR5
MSI B650 LGA1700 Mini-ITX MB-0301,522,93,motherboard,silver,MSI,DDR3
Biostar X670 LGA1700 Mini-ITX MB-0302,1591,63,motherboard,gray,Biostar,DDR4
MSI B760 LGA1700 mATX MB-0303,799,50,motherboard,gray,MSI,DDR3
MSI B650 AM5 Mini-ITX MB-0304,1141,71,motherboard,silver,MSI,DDR4
ASUS B760 LGA1700 Mini-ITX MB-0305,1168,63,motherboard,silver,ASUS,DDR5
MSI X670 LGA1700 Mini-ITX MB-0306,1324,71,motherboard,white,MSI,DDR3
ASUS B760 LGA1700 mATX MB-0307,1516,84,motherboard,white,ASUS,DDR4
ASUS X670 AM5 ATX MB-0308,300,89,motherboard,silver,ASUS,DDR3
Biostar B650 LGA1700 mATX MB-0309,1292,88,motherboard,silver,Biostar,DDR5
ASRock B760 LGA1700 Mini-ITX MB-0310,1849,93,motherboard,black,ASRock,DDR4
Gigabyte B650 AM5 ATX MB-0311,1872,56,motherboard,black,Gigabyte,DDR4
Gigabyte Z790 LGA1700 Mini-ITX MB-0312,994,70,motherboard,silver,Gigabyte,DDR5
ASRock B760 LGA1700 Mini-ITX MB-0313,1432,64,motherboard,white,ASRock,DDR5
ASUS B760 LGA1700 ATX MB-0314,1113,98,motherboard,gray,ASUS,DDR5
Biostar X670 LGA1700 ATX MB-0315,989,72,motherboard,black,Biostar,DDR5
ASUS X670 AM5 mATX MB-0316,421,72,motherboard,gray,ASUS,DDR5
ASUS B760 AM5 mATX MB-0317,2249,88,motherboard,white,ASUS,DDR5
Gigabyte Z790 LGA1700 ATX MB-0318,448,60,motherboard,gray,Gigabyte,DDR3
ASUS B760 AM5 ATX MB-0319,1445,95,motherboard,black,ASUS,DDR3
Gigabyte X670 LGA1700 mATX MB-0320,1434,75,motherboard,white,Gigabyte,DDR3
MSI X670 LGA1700 ATX MB-0321,1621,75,motherboard,white,MSI,DDR4
ASUS Z790 AM5 ATX MB-0322,2238,49,motherboard,white,ASUS,DDR4
Gigabyte B650 AM5 ATX MB-0323,764,55,motherboard,silver,Gigabyte,DDR4
ASUS Z790 LGA1700 Mini-ITX MB-0324,2061,71,motherboard,white,ASUS,DDR5
MSI B760 AM5 mATX MB-0325,615,72,motherboard,black,MSI,DDR5
Biostar B650 AM5 ATX MB-0326,1008,49,motherboard,black,Biostar,DDR4
Gigabyte B760 AM5 ATX MB-0327,694,96,motherboard,gray,Gigabyte,DDR3
ASUS B650 LGA1700 mATX MB-0328,1092,88,motherboard,white,ASUS,DDR3
Gigabyte X670 LGA1700 ATX MB-0329,1731,57,motherboard,black,Gigabyte,DDR3
ASRock Z790 LGA1700 ATX MB-0330,539,65,motherboard,silver,ASRock,DDR3
Gigabyte X670 LGA1700 mATX MB-0331,497,57,motherboard,gray,Gigabyte,DDR4
Biostar B760 AM5 mATX MB-0332,453,67,motherboard,silver,Biostar,DDR4
ASRock B760 LGA1700 mATX MB-0333,2164,55,motherboard,silver,ASRock,DDR4
Gigabyte B760 AM5 Mini-ITX MB-0334,1552,78,motherboard,black,Gigabyte,DDR3
ASRock B650 LGA1700 mATX MB-0335,1710,90,motherboard,silver,ASRock,DDR5
Biostar X670 AM5 ATX MB-0336,692,92,motherboard,white,Biostar,DDR5
ASUS Z790 LGA1700 Mini-ITX MB-0337,1036,86,motherboard,gray,ASUS,DDR5
ASRock Z790 AM5 Mini-ITX MB-0338,1223,67,motherboard,black,ASRock,DDR4
MSI B650 AM5 Mini-ITX MB-0339,571,45,motherboard,gray,MSI,DDR4
MSI X670 AM5 ATX MB-0340,1339,72,motherboard,black,MSI,DDR5
Biostar X670 LGA1700 ATX MB-0341,1396,75,motherboard,gray,Biostar,DDR4
ASRock B760 LGA1700 Mini-ITX MB-0342,2162,83,motherboard,gray,ASRock,DDR4
ASRock X670 AM5 mATX MB-0343,1105,52,motherboard,black,ASRock,DDR4
ASRock X670 AM5 ATX MB-0344,1725,46,motherboard,gray,ASRock,DDR5
Biostar B650 LGA1700 ATX MB-0345,1373,78,motherboard,black,Biostar,DDR4
ASRock Z790 AM5 mATX MB-0346,1000,95,motherboard,silver,ASRock,DDR3
ASRock B760 AM5 mATX MB-0347,2200,74,motherboard,white,ASRock,DDR3
MSI X670 LGA1700 Mini-ITX MB-0348,830,82,motherboard,gray,MSI,DDR5
ASRock B650 LGA1700 mATX MB-0349,1078,95,motherboard,black,ASRock,DDR3
MSI B760 AM5 ATX MB-0350,1751,98,motherboard,black,MSI,DDR3
ASRock Z790 AM5 mATX MB-0351,1113,55,motherboard,gray,ASRock,DDR3
Biostar B650 AM5 mATX MB-0352,699,61,motherboard,white,Biostar,DDR5
ASUS X670 AM5 ATX MB-0353,589,95,motherboard,white,ASUS,DDR3
Gigabyte X670 AM5 ATX MB-0354,1943,98,motherboard,white,Gigabyte,DDR3
Biostar X670 AM5 ATX MB-0355,1711,71,motherboard,silver,Biostar,DDR5
Gigabyte Z790 AM5 Mini-ITX MB-0356,715,52,motherboard,silver,Gigabyte,DDR5
MSI Z790 LGA1700 Mini-ITX MB-0357,683,93,motherboard,gray,MSI,DDR3
ASUS Z790 AM5 ATX MB-0358,1124,50,motherboard,silver,ASUS,DDR3
Biostar B650 AM5 mATX MB-0359,1590,53,motherboard,gray,Biostar,DDR4
MSI B650 AM5 ATX MB-0360,1903,68,motherboard,black,MSI,DDR5
Biostar Z790 AM5 mATX MB-0361,1495,72,motherboard,black,Biostar,DDR4
Biostar Z790 LGA1700 Mini-ITX MB-0362,762,97,motherboard,gray,Biostar,DDR4
Biostar B760 LGA1700 ATX MB-0363,2175,93,motherboard,white,Biostar,DDR3
ASUS X670 LGA1700 mATX MB-0364,306,81,motherboard,silver,ASUS,DDR4
ASUS Z790 AM5 mATX MB-0365,1812,61,motherboard,white,ASUS,DDR5
Biostar X670 LGA1700 ATX MB-0366,571,50,motherboard,gray,Biostar,DDR5
ASUS B760 AM5 ATX MB-0367,402,63,motherboard,silver,ASUS,DDR3
ASUS X670 AM5 mATX MB-0368,1951,48,motherboard,gray,ASUS,DDR4
MSI X670 LGA1700 mATX MB-0369,2270,82,motherboard,silver,MSI,DDR4
Biostar B650 LGA1700 Mini-ITX MB-0370,1766,96,motherboard,white,Biostar,DDR4
MSI X670 AM5 mATX MB-0371,1386,49,motherboard,black,MSI,DDR5
Gigabyte B760 AM5 ATX MB-0372,1376,50,motherboard,black,Gigabyte,DDR5
ASRock B650 LGA1700 ATX MB-0373,1684,45,motherboard,gray,ASRock,DDR3
Biostar Z790 AM5 mATX MB-0374,1921,45,motherboard,white,Biostar,DDR4
ASUS B650 LGA1700 mATX MB-0375,1827,46,motherboard,black,ASUS,DDR4
MSI X670 LGA1700 ATX MB-0376,1444,71,motherboard,black,MSI,DDR4
ASRock Z790 LGA1700 Mini-ITX MB-0377,591,99,motherboard,white,ASRock,DDR5
Gigabyte B650 LGA1700 Mini-ITX MB-0378,969,46,motherboard,black,Gigabyte,DDR3
Gigabyte Z790 AM5 ATX MB-0379,1883,45,motherboard,silver,Gigabyte,DDR4
ASUS Z790 AM5 mATX MB-0380,1541,70,motherboard,white,ASUS,DDR5
Biostar B650 LGA1700 Mini-ITX MB-0381,512,100,motherboard,silver,Biostar,DDR5
Gigabyte Z790 AM5 Mini-ITX MB-0382,1206,98,motherboard,gray,Gigabyte,DDR4
Gigabyte B760 LGA1700 ATX MB-0383,678,76,motherboard,white,Gigabyte,DDR5
Biostar B760 AM5 ATX MB-0384,996,83,motherboard,white,Biostar,DDR5
Gigabyte Z790 LGA1700 mATX MB-0385,1617,82,motherboard,black,Gigabyte,DDR4
Biostar B650 AM5 ATX MB-0386,1946,45,motherboard,black,Biostar,DDR4
MSI B650 LGA1700 ATX MB-0387,1618,71,motherboard,silver,MSI,DDR4
Gigabyte B650 LGA1700 mATX MB-0388,724,64,motherboard,gray,Gigabyte,DDR3
Biostar X670 AM5 ATX MB-0389,1846,73,motherboard,white,Biostar,DDR3
Biostar Z790 AM5 ATX MB-0390,2158,62,motherboard,black,Biostar,DDR5
ASUS B760 LGA1700 mATX MB-0391,1815,61,motherboard,black,ASUS,DDR4
ASUS X670 AM5 Mini-ITX MB-0392,1866,84,motherboard,silver,ASUS,DDR3
MSI X670 LGA1700 ATX MB-0393,1918,75,motherboard,silver,MSI,DDR5
Gigabyte X670 AM5 Mini-ITX MB-0394,1379,89,motherboard,gray,Gigabyte,DDR5
ASUS X670 AM5 Mini-ITX MB-0395,2003,80,motherboard,white,ASUS,DDR3
ASUS X670 AM5 ATX MB-0396,1819,53,motherboard,white,ASUS,DDR5
Gigabyte B760 AM5 Mini-ITX MB-0397,1143,89,motherboard,black,Gigabyte,DDR5
ASUS X670 LGA1700 Mini-ITX MB-0398,733,85,motherboard,white,ASUS,DDR5
ASUS B650 AM5 Mini-ITX MB-0399,1467,85,motherboard,gray,ASUS,DDR3
ASUS Z790 AM5 Mini-ITX MB-0400,367,80,motherboard,white,ASUS,DDR5
Biostar B760 AM5 Mini-ITX MB-0401,578,95,motherboard,black,Biostar,DDR4
ASUS B760 AM5 mATX MB-0402,2007,77,motherboard,silver,ASUS,DDR4
Biostar X670 AM5 Mini-ITX MB-0403,2230,92,motherboard,black,Biostar,DDR4
Gigabyte X670 AM5 Mini-ITX MB-0404,1015,46,motherboard,black,Gigabyte,DDR4
ASUS B760 AM5 ATX MB-0405,1283,45,motherboard,white,ASUS,DDR4
ASRock Z790 AM5 mATX MB-0406,539,88,motherboard,gray,ASRock,DDR4
ASRock B650 AM5 ATX MB-0407,495,59,motherboard,white,ASRock,DDR3
ASUS B760 LGA1700 Mini-ITX MB-0408,534,76,motherboard,black,ASUS,DDR4
ASUS B650 AM5 Mini-ITX MB-0409,1693,64,motherboard,gray,ASUS,DDR5
ASUS Z790 AM5 mATX MB-0410,803,73,motherboard,silver,ASUS,DDR3
ASRock Z790 LGA1700 ATX MB-0411,1318,80,motherboard,gray,ASRock,DDR3
Gigabyte X670 AM5 ATX MB-0412,1137,58,motherboard,white,Gigabyte,DDR3
ASUS B760 AM5 ATX MB-0413,2093,66,motherboard,white,ASUS,DDR3
ASUS Z790 LGA1700 mATX MB-0414,1599,77,motherboard,silver,ASUS,DDR5
ASRock B760 LGA1700 Mini-ITX MB-0415,448,93,motherboard,silver,ASRock,DDR4
MSI B650 AM5 Mini-ITX MB-0416,1264,100,motherboard,silver,MSI,DDR4
ASUS Z790 AM5 mATX MB-0417,2125,60,motherboard,silver,ASUS,DDR5
ASUS B650 AM5 ATX MB-0418,2238,76,motherboard,silver,ASUS,DDR5
MSI B760 LGA1700 mATX MB-0419,614,51,motherboard,silver,MSI,DDR3
ASRock B650 LGA1700 mATX MB-0420,936,84,motherboard,white,ASRock,DDR3
ASRock B650 AM5 mATX MB-0421,459,100,motherboard,gray,ASRock,DDR3
ASRock X670 LGA1700 mATX MB-0422,1152,89,motherboard,black,ASRock,DDR4
Biostar X670 LGA1700 mATX MB-0423,721,71,motherboard,gray,Biostar,DDR3
ASUS B760 AM5 ATX MB-0424,995,71,motherboard,gray,ASUS,DDR3
Gigabyte X670 AM5 ATX MB-0425,2258,71,motherboard,black,Gigabyte,DDR5
Biostar X670 AM5 Mini-ITX MB-0426,1050,78,motherboard,silver,Biostar,DDR4
Gigabyte B650 AM5 Mini-ITX MB-0427,2192,83,motherboard,black,Gigabyte,DDR3
Gigabyte X670 LGA1700 ATX MB-0428,2158,65,motherboard,silver,Gigabyte,DDR5
ASUS X670 AM5 ATX MB-0429,484,61,motherboard,gray,ASUS,DDR4
ASUS B760 LGA1700 ATX MB-0430,1220,94,motherboard,black,ASUS,DDR4
Gigabyte B760 AM5 ATX MB-0431,1447,74,motherboard,black,Gigabyte,DDR3
MSI Z790 AM5 Mini-ITX MB-0432,397,95,motherboard,white,MSI,DDR5
Biostar B760 LGA1700 ATX MB-0433,1258,60,motherboard,white,Biostar,DDR5
ASRock Z790 LGA1700 Mini-ITX MB-0434,1604,88,motherboard,black,ASRock,DDR4
ASRock X670 LGA1700 ATX MB-0435,1073,54,motherboard,silver,ASRock,DDR4
Biostar B650 LGA1700 ATX MB-0436,980,87,motherboard,gray,Biostar,DDR5
ASRock Z790 AM5 ATX MB-0437,910,93,motherboard,silver,ASRock,DDR5
ASUS X670 LGA1700 ATX MB-0438,807,77,motherboard,silver,ASUS,DDR3
Biostar X670 AM5 ATX MB-0439,484,56,motherboard,black,Biostar,DDR3
MSI B760 LGA1700 ATX MB-0440,1273,93,motherboard,black,MSI,DDR4
Gigabyte B760 AM5 ATX MB-0441,2073,66,motherboard,white,Gigabyte,DDR3
Biostar Z790 LGA1700 mATX MB-0442,2004,99,motherboard,silver,Biostar,DDR5
ASUS Z790 LGA1700 ATX MB-0443,1589,84,motherboard,black,ASUS,DDR3
ASUS B760 AM5 Mini-ITX MB-0444,746,83,motherboard,white,ASUS,DDR4
Gigabyte X670 AM5 mATX MB-0445,1885,60,motherboard,gray,Gigabyte,DDR5
Biostar B760 AM5 mATX MB-0446,501,73,motherboard,black,Biostar,DDR3
ASRock B760 LGA1700 Mini-ITX MB-0447,1371,78,motherboard,gray,ASRock,DDR3
Biostar B650 AM5 mATX MB-0448,487,55,motherboard,white,Biostar,DDR4
ASRock B760 LGA1700 Mini-ITX MB-0449,1652,92,motherboard,gray,ASRock,DDR5
Gigabyte X670 AM5 mATX MB-0450,1679,46,motherboard,white,Gigabyte,DDR5
Biostar X670 AM5 Mini-ITX MB-0451,2135,100,motherboard,white,Biostar,DDR3
MSI X670 LGA1700 mATX MB-0452,1609,97,motherboard,black,MSI,DDR3
Gigabyte B650 AM5 ATX MB-0453,1054,98,motherboard,black,Gigabyte,DDR4
MSI B760 LGA1700 ATX MB-0454,318,91,motherboard,silver,MSI,DDR4
ASRock X670 LGA1700 Mini-ITX MB-0455,1558,58,motherboard,gray,ASRock,DDR3
Biostar B760 LGA1700 Mini-ITX MB-0456,882,93,motherboard,white,Biostar,DDR4
Biostar B650 LGA1700 ATX MB-0457,1260,50,motherboard,white,Biostar,DDR3
Biostar B760 LGA1700 Mini-ITX MB-0458,1490,73,motherboard,white,Biostar,DDR4
ASRock Z790 AM5 ATX MB-0459,918,88,motherboard,silver,ASRock,DDR3
Gigabyte B650 LGA1700 Mini-ITX MB-0460,805,89,motherboard,gray,Gigabyte,DDR5
Gigabyte B760 LGA1700 Mini-ITX MB-0461,494,68,motherboard,black,Gigabyte,DDR5
ASRock Z790 AM5 Mini-ITX MB-0462,1070,69,motherboard,gray,ASRock,DDR3
ASUS B650 AM5 Mini-ITX MB-0463,958,81,motherboard,silver,ASUS,DDR5
Biostar B650 LGA1700 Mini-ITX MB-0464,2297,85,motherboard,black,Biostar,DDR4
Gigabyte B650 LGA1700 ATX MB-0465,2096,76,motherboard,white,Gigabyte,DDR5
Biostar Z790 LGA1700 ATX MB-0466,1073,82,motherboard,white,Biostar,DDR5
ASUS B650 LGA1700 Mini-ITX MB-0467,1289,48,motherboard,black,ASUS,DDR4
ASRock B650 LGA1700 mATX MB-0468,1021,71,motherboard,black,ASRock,DDR3
Biostar Z790 LGA1700 ATX MB-0469,1396,61,motherboard,gray,Biostar,DDR3
ASRock B760 AM5 Mini-ITX MB-0470,400,48,motherboard,silver,ASRock,DDR5
Gigabyte Z790 AM5 mATX MB-0471,1379,89,motherboard,black,Gigabyte,DDR5
ASRock B760 AM5 ATX MB-0472,2170,61,motherboard,black,ASRock,DDR3
ASRock B760 LGA1700 mATX MB-0473,689,91,motherboard,white,ASRock,DDR3
MSI B650 AM5 Mini-ITX MB-0474,1580,55,motherboard,gray,MSI,DDR4
MSI B650 LGA1700 Mini-ITX MB-0475,1515,85,motherboard,black,MSI,DDR4
MSI B760 AM5 mATX MB-0476,2230,85,motherboard,white,MSI,DDR3
ASUS Z790 AM5 mATX MB-0477,749,83,motherboard,black,ASUS,DDR3
ASUS B760 LGA1700 mATX MB-0478,1817,85,motherboard,white,ASUS,DDR4
ASRock X670 AM5 mATX MB-0479,876,83,motherboard,gray,ASRock,DDR5
Gigabyte X670 AM5 mATX MB-0480,1323,88,motherboard,gray,Gigabyte,DDR5
MSI X670 LGA1700 Mini-ITX MB-0481,1851,61,motherboard,white,MSI,DDR3
Biostar B760 LGA1700 ATX MB-0482,1742,78,motherboard,black,Biostar,DDR4
ASUS X670 LGA1700 ATX MB-0483,851,53,motherboard,black,ASUS,DDR5
Gigabyte X670 LGA1700 mATX MB-0484,1439,68,motherboard,gray,Gigabyte,DDR5
Gigabyte B650 LGA1700 mATX MB-0485,922,84,motherboard,black,Gigabyte,DDR5
MSI X670 LGA1700 ATX MB-0486,1272,96,motherboard,white,MSI,DDR4
Gigabyte X670 AM5 mATX MB-0487,361,85,motherboard,gray,Gigabyte,DDR5
MSI Z790 LGA1700 mATX MB-0488,1342,81,motherboard,silver,MSI,DDR4
Gigabyte Z790 LGA1700 ATX MB-0489,516,83,motherboard,white,Gigabyte,DDR4
Gigabyte B650 AM5 mATX MB-0490,1236,77,motherboard,black,Gigabyte,DDR3
ASUS X670 AM5 ATX MB-0491,1361,90,motherboard,white,ASUS,DDR4
Gigabyte B760 LGA1700 mATX MB-0492,2161,57,motherboard,gray,Gigabyte,DDR4
MSI B760 LGA1700 Mini-ITX MB-0493,1920,63,motherboard,gray,MSI,DDR3
Biostar B650 LGA1700 mATX MB-0494,864,98,motherboard,black,Biostar,DDR5
MSI B760 LGA1700 ATX MB-0495,789,81,motherboard,gray,MSI,DDR3
Gigabyte B650 AM5 ATX MB-0496,1163,66,motherboard,gray,Gigabyte,DDR3
ASRock B760 LGA1700 ATX MB-0497,1574,88,motherboard,white,ASRock,DDR3
ASUS B650 LGA1700 ATX MB-0498,1508,77,motherboard,black,ASUS,DDR3
ASRock B650 LGA1700 mATX MB-0499,579,83,motherboard,black,ASRock,DDR5
MSI Z790 AM5 Mini-ITX MB-0500,2160,97,motherboard,white,MSI,DDR3
ASUS B760 AM5 mATX MB-0501,1004,79,motherboard,silver,ASUS,DDR3
Biostar Z790 AM5 mATX MB-0502,595,70,motherboard,silver,Biostar,DDR3
MSI B760 LGA1700 Mini-ITX MB-0503,1701,70,motherboard,white,MSI,DDR5
Biostar X670 AM5 mATX MB-0504,950,81,motherboard,black,Biostar,DDR4
Biostar B650 AM5 ATX MB-0505,2133,69,motherboard,white,Biostar,DDR3
Biostar Z790 AM5 ATX MB-0506,518,89,motherboard,silver,Biostar,DDR4
ASRock X670 AM5 ATX MB-0507,1066,87,motherboard,gray,ASRock,DDR4
Biostar Z790 AM5 Mini-ITX MB-0508,894,65,motherboard,white,Biostar,DDR5
ASRock Z790 AM5 mATX MB-0509,1675,58,motherboard,gray,ASRock,DDR4
Biostar X670 LGA1700 ATX MB-0510,341,90,motherboard,white,Biostar,DDR5
MSI X670 AM5 ATX MB-0511,1795,93,motherboard,white,MSI,DDR5
ASUS X670 AM5 Mini-ITX MB-0512,420,59,motherboard,white,ASUS,DDR4
Biostar B650 AM5 mATX MB-0513,849,94,motherboard,black,Biostar,DDR4
MSI B650 LGA1700 mATX MB-0514,1183,68,motherboard,white,MSI,DDR5
MSI X670 AM5 mATX MB-0515,744,60,motherboard,black,MSI,DDR5
Biostar Z790 LGA1700 mATX MB-0516,1462,69,motherboard,black,Biostar,DDR3
ASUS X670 AM5 Mini-ITX MB-0517,1862,75,motherboard,black,ASUS,DDR4
Gigabyte Z790 AM5 ATX MB-0518,822,55,motherboard,white,Gigabyte,DDR4
Gigabyte Z790 AM5 Mini-ITX MB-0519,2203,49,motherboard,silver,Gigabyte,DDR3
ASRock B650 AM5 ATX MB-0520,1655,78,motherboard,white,ASRock,DDR5
MSI B650 LGA1700 Mini-ITX MB-0521,1335,72,motherboard,white,MSI,DDR5
ASRock B650 AM5 Mini-ITX MB-0522,520,63,motherboard,black,ASRock,DDR4
ASRock X670 LGA1700 Mini-ITX MB-0523,1630,62,motherboard,black,ASRock,DDR3
MSI Z790 LGA1700 Mini-ITX MB-0524,640,78,motherboard,gray,MSI,DDR3
Gigabyte B760 AM5 Mini-ITX MB-0525,2288,85,motherboard,silver,Gigabyte,DDR3
MSI B760 AM5 ATX MB-0526,995,54,motherboard,silver,MSI,DDR3
ASUS Z790 AM5 ATX MB-0527,2106,51,motherboard,black,ASUS,DDR5
ASUS B760 AM5 Mini-ITX MB-0528,835,65,motherboard,white,ASUS,DDR3
Biostar X670 LGA1700 Mini-ITX MB-0529,1087,68,motherboard,gray,Biostar,DDR3
Gigabyte Z790 LGA1700 ATX MB-0530,492,71,motherboard,black,Gigabyte,DDR5
Gigabyte B760 AM5 Mini-ITX MB-0531,1246,56,motherboard,silver,Gigabyte,DDR4
ASRock X670 LGA1700 ATX MB-0532,866,79,motherboard,silver,ASRock,DDR5
ASRock Z790 AM5 ATX MB-0533,1407,59,motherboard,silver,ASRock,DDR3
ASRock B650 AM5 mATX MB-0534,766,69,motherboard,silver,ASRock,DDR4
MSI Z790 AM5 Mini-ITX MB-0535,741,89,motherboard,black,MSI,DDR5
MSI Z790 LGA1700 mATX MB-0536,1392,82,motherboard,silver,MSI,DDR4
Gigabyte X670 LGA1700 ATX MB-0537,1489,49,motherboard,silver,Gigabyte,DDR5
ASRock B760 AM5 ATX MB-0538,1885,67,motherboard,silver,ASRock,DDR3
ASUS B650 LGA1700 Mini-ITX MB-0539,1876,76,motherboard,black,ASUS,DDR5
ASRock X670 AM5 mATX MB-0540,596,83,motherboard,gray,ASRock,DDR4
Biostar B760 AM5 ATX MB-0541,863,82,motherboard,silver,Biostar,DDR3
Gigabyte X670 LGA1700 mATX MB-0542,1908,57,motherboard,white,Gigabyte,DDR3
Gigabyte X670 AM5 Mini-ITX MB-0543,1728,52,motherboard,white,Gigabyte,DDR3
Gigabyte Z790 AM5 ATX MB-0544,1891,50,motherboard,white,Gigabyte,DDR3
MSI B650 LGA1700 ATX MB-0545,997,90,motherboard,silver,MSI,DDR5
ASRock B760 LGA1700 mATX MB-0546,358,46,motherboard,silver,ASRock,DDR5
Gigabyte X670 LGA1700 ATX MB-0547,827,95,motherboard,white,Gigabyte,DDR5
Gigabyte B650 LGA1700 mATX MB-0548,924,73,motherboard,white,Gigabyte,DDR4
ASRock B650 AM5 ATX MB-0549,2284,60,motherboard,black,ASRock,DDR5
MSI Z790 LGA1700 Mini-ITX MB-0550,955,81,motherboard,black,MSI,DDR4
ASUS X670 LGA1700 ATX MB-0551,455,49,motherboard,black,ASUS,DDR4
Biostar Z790 AM5 mATX MB-0552,1851,69,motherboard,black,Biostar,DDR3
ASRock X670 AM5 mATX MB-0553,648,92,motherboard,gray,ASRock,DDR4
Gigabyte Z790 AM5 Mini-ITX MB-0554,1400,58,motherboard,gray,Gigabyte,DDR4
ASUS Z790 LGA1700 Mini-ITX MB-0555,1088,82,motherboard,gray,ASUS,DDR5
MSI B760 LGA1700 ATX MB-0556,802,52,motherboard,black,MSI,DDR5
Gigabyte X670 AM5 Mini-ITX MB-0557,1405,75,motherboard,gray,Gigabyte,DDR3
MSI Z790 AM5 ATX MB-0558,1113,80,motherboard,white,MSI,DDR4
MSI X670 LGA1700 mATX MB-0559,665,56,motherboard,silver,MSI,DDR5
Biostar B650 LGA1700 ATX MB-0560,1379,64,motherboard,gray,Biostar,DDR5
ASUS X670 AM5 ATX MB-0561,2154,54,motherboard,black,ASUS,DDR4
MSI X670 AM5 ATX MB-0562,1430,72,motherboard,silver,MSI,DDR5
Biostar B650 LGA1700 Mini-ITX MB-0563,1703,97,motherboard,white,Biostar,DDR4
MSI Z790 LGA1700 ATX MB-0564,2073,46,motherboard,black,MSI,DDR4
MSI B760 LGA1700 mATX MB-0565,1256,95,motherboard,gray,MSI,DDR5
ASRock Z790 AM5 ATX MB-0566,666,100,motherboard,gray,ASRock,DDR4
ASUS X670 AM5 Mini-ITX MB-0567,704,71,motherboard,white,ASUS,DDR5
ASUS B650 AM5 mATX MB-0568,914,75,motherboard,white,ASUS,DDR4
Biostar X670 LGA1700 mATX MB-0569,2190,84,motherboard,gray,Biostar,DDR3
MSI B650 AM5 ATX MB-0570,1706,55,motherboard,silver,MSI,DDR4
Biostar B760 AM5 ATX MB-0571,528,68,motherboard,black,Biostar,DDR4
MSI B650 LGA1700 Mini-ITX MB-0572,2211,75,motherboard,silver,MSI,DDR5
ASRock Z790 LGA1700 Mini-ITX MB-0573,632,92,motherboard,black,ASRock,DDR5
Gigabyte B760 AM5 ATX MB-0574,924,68,motherboard,white,Gigabyte,DDR3
ASRock X670 LGA1700 ATX MB-0575,594,71,motherboard,silver,ASRock,DDR5
Biostar X670 AM5 Mini-ITX MB-0576,600,79,motherboard,silver,Biostar,DDR3
MSI X670 AM5 Mini-ITX MB-0577,2069,67,motherboard,black,MSI,DDR4
Biostar X670 AM5 mATX MB-0578,1900,53,motherboard,silver,Biostar,DDR4
MSI B650 AM5 mATX MB-0579,756,63,motherboard,white,MSI,DDR4
Biostar B650 LGA1700 ATX MB-0580,1221,92,motherboard,black,Biostar,DDR4
MSI X670 AM5 mATX MB-0581,836,74,motherboard,white,MSI,DDR3
ASUS Z790 AM5 ATX MB-0582,722,67,motherboard,gray,ASUS,DDR4
MSI X670 AM5 Mini-ITX MB-0583,1927,83,motherboard,silver,MSI,DDR5
ASRock X670 AM5 mATX MB-0584,1184,87,motherboard,black,ASRock,DDR3
Gigabyte X670 LGA1700 mATX MB-0585,2133,100,motherboard,black,Gigabyte,DDR5
ASUS X670 LGA1700 Mini-ITX MB-0586,794,64,motherboard,white,ASUS,DDR3
Gigabyte X670 LGA1700 ATX MB-0587,2000,50,motherboard,silver,Gigabyte,DDR5
ASUS Z790 LGA1700 ATX MB-0588,2085,80,motherboard,gray,ASUS,DDR4
Biostar B650 LGA1700 ATX MB-0589,672,65,motherboard,white,Biostar,DDR3
Biostar B650 AM5 mATX MB-0590,594,98,motherboard,gray,Biostar,DDR3
ASUS X670 AM5 Mini-ITX MB-0591,1635,85,motherboard,black,ASUS,DDR4
ASUS B760 AM5 mATX MB-0592,942,93,motherboard,silver,ASUS,DDR4
MSI X670 LGA1700 Mini-ITX MB-0593,342,74,motherboard,white,MSI,DDR4
MSI Z790 LGA1700 Mini-ITX MB-0594,1941,87,motherboard,black,MSI,DDR4
ASRock B650 LGA1700 Mini-ITX MB-0595,888,48,motherboard,white,ASRock,DDR3
ASRock B650 LGA1700 ATX MB-0596,757,46,motherboard,gray,ASRock,DDR3
Gigabyte B650 LGA1700 mATX MB-0597,1548,64,motherboard,white,Gigabyte,DDR4
ASUS B650 LGA1700 ATX MB-0598,1524,67,motherboard,black,ASUS,DDR5
Biostar B760 LGA1700 ATX MB-0599,2032,62,motherboard,gray,Biostar,DDR4
ASUS X670 AM5 Mini-ITX MB-0600,1422,48,motherboard,silver,ASUS,DDR4
Biostar B760 LGA1700 ATX MB-0601,1185,48,motherboard,white,Biostar,DDR5
MSI X670 AM5 ATX MB-0602,1339,69,motherboard,silver,MSI,DDR3
MSI B760 LGA1700 Mini-ITX MB-0603,1970,53,motherboard,white,MSI,DDR5
MSI X670 AM5 mATX MB-0604,501,82,motherboard,gray,MSI,DDR4
ASUS B760 LGA1700 ATX MB-0605,608,70,motherboard,gray,ASUS,DDR4
MSI Z790 LGA1700 Mini-ITX MB-0606,1889,77,motherboard,black,MSI,DDR3
ASUS B650 LGA1700 mATX MB-0607,1048,78,motherboard,gray,ASUS,DDR5
ASRock B760 LGA1700 mATX MB-0608,369,52,motherboard,white,ASRock,DDR3
Gigabyte B650 AM5 mATX MB-0609,883,84,motherboard,black,Gigabyte,DDR5
MSI X670 LGA1700 ATX MB-0610,1630,73,motherboard,black,MSI,DDR3
ASRock B650 LGA1700 mATX MB-0611,1188,73,motherboard,gray,ASRock,DDR4
MSI X670 LGA1700 mATX MB-0612,856,75,motherboard,silver,MSI,DDR3
ASUS Z790 LGA1700 mATX MB-0613,2038,77,motherboard,white,ASUS,DDR4
MSI B650 AM5 Mini-ITX MB-0614,2012,90,motherboard,gray,MSI,DDR4
Biostar B650 AM5 ATX MB-0615,1032,98,motherboard,white,Biostar,DDR5
Biostar Z790 AM5 ATX MB-0616,892,85,motherboard,gray,Biostar,DDR4
Gigabyte B760 AM5 ATX MB-0617,2072,89,motherboard,black,Gigabyte,DDR5
Gigabyte B650 AM5 Mini-ITX MB-0618,1615,46,motherboard,white,Gigabyte,DDR3
Gigabyte B760 LGA1700 Mini-ITX MB-0619,1085,96,motherboard,black,Gigabyte,DDR3
Gigabyte B650 AM5 Mini-ITX MB-0620,632,71,motherboard,silver,Gigabyte,DDR3
MSI Z790 AM5 mATX MB-0621,814,80,motherboard,black,MSI,DDR3
MSI B650 AM5 Mini-ITX MB-0622,1327,46,motherboard,black,MSI,DDR4
ASRock Z790 AM5 mATX MB-0623,1728,84,motherboard,silver,ASRock,DDR3
Gigabyte Z790 LGA1700 ATX MB-0624,927,81,motherboard,white,Gigabyte,DDR3
Gigabyte X670 AM5 ATX MB-0625,2159,62,motherboard,silver,Gigabyte,DDR3
Gigabyte X670 LGA1700 mATX MB-0626,1970,91,motherboard,gray,Gigabyte,DDR4
MSI Z790 AM5 ATX MB-0627,375,80,motherboard,gray,MSI,DDR4
Biostar X670 LGA1700 mATX MB-0628,1660,85,motherboard,silver,Biostar,DDR5
Gigabyte B650 AM5 ATX MB-0629,712,95,motherboard,gray,Gigabyte,DDR3
ASUS Z790 LGA1700 ATX MB-0630,368,80,motherboard,black,ASUS,DDR3
MSI Z790 AM5 ATX MB-0631,1487,100,motherboard,black,MSI,DDR3
Biostar B760 LGA1700 Mini-ITX MB-0632,1687,78,motherboard,black,Biostar,DDR4
ASUS X670 LGA1700 mATX MB-0633,670,85,motherboard,gray,ASUS,DDR3
MSI B650 LGA1700 mATX MB-0634,660,92,motherboard,silver,MSI,DDR5
MSI X670 AM5 mATX MB-0635,1107,84,motherboard,gray,MSI,DDR5
MSI Z790 AM5 ATX MB-0636,1167,85,motherboard,black,MSI,DDR3
ASRock B650 LGA1700 Mini-ITX MB-0637,1706,88,motherboard,gray,ASRock,DDR5
ASUS B650 LGA1700 Mini-ITX MB-0638,1915,62,motherboard,white,ASUS,DDR4
Gigabyte B650 LGA1700 mATX MB-0639,430,79,motherboard,black,Gigabyte,DDR5
ASRock B650 LGA1700 Mini-ITX MB-0640,1672,85,motherboard,black,ASRock,DDR5
MSI B650 AM5 ATX MB-0641,1561,66,motherboard,silver,MSI,DDR5
ASUS B760 LGA1700 ATX MB-0642,948,99,motherboard,gray,ASUS,DDR4
Biostar B760 LGA1700 ATX MB-0643,1264,88,motherboard,silver,Biostar,DDR5
Biostar B650 LGA1700 mATX MB-0644,1413,93,motherboard,white,Biostar,DDR3
MSI B650 AM5 Mini-ITX MB-0645,1245,73,motherboard,white,MSI,DDR5
Gigabyte B650 AM5 ATX MB-0646,1275,98,motherboard,silver,Gigabyte,DDR5
Gigabyte X670 LGA1700 Mini-ITX MB-0647,2059,75,motherboard,silver,Gigabyte,DDR3
MSI B760 LGA1700 Mini-ITX MB-0648,1480,87,motherboard,gray,MSI,DDR5
ASUS Z790 LGA1700 mATX MB-0649,1002,64,motherboard,black,ASUS,DDR5
ASUS Z790 AM5 mATX MB-0650,561,56,motherboard,black,ASUS,DDR4
Biostar Z790 LGA1700 ATX MB-0651,1359,78,motherboard,silver,Biostar,DDR3
MSI B760 LGA1700 ATX MB-0652,626,91,motherboard,silver,MSI,DDR3
Gigabyte B760 AM5 mATX MB-0653,1252,48,motherboard,gray,Gigabyte,DDR5
ASUS Z790 AM5 ATX MB-0654,2101,81,motherboard,white,ASUS,DDR4
ASRock Z790 AM5 mATX MB-0655,1769,95,motherboard,black,ASRock,DDR5
ASUS X670 AM5 mATX MB-0656,1373,45,motherboard,white,ASUS,DDR3
Biostar X670 LGA1700 ATX MB-0657,2283,58,motherboard,black,Biostar,DDR5
MSI Z790 LGA1700 ATX MB-0658,350,46,motherboard,black,MSI,DDR5
ASUS B650 AM5 ATX MB-0659,1451,63,motherboard,gray,ASUS,DDR4
ASRock B650 LGA1700 Mini-ITX MB-0660,1841,88,motherboard,gray,ASRock,DDR5
MSI Z790 AM5 Mini-ITX MB-0661,595,60,motherboard,gray,MSI,DDR5
ASUS B650 AM5 mATX MB-0662,2202,89,motherboard,white,ASUS,DDR3
Biostar X670 AM5 ATX MB-0663,369,66,motherboard,gray,Biostar,DDR5
Gigabyte X670 LGA1700 mATX MB-0664,797,96,motherboard,black,Gigabyte,DDR3
Biostar X670 AM5 mATX MB-0665,1579,92,motherboard,silver,Biostar,DDR5
ASRock Z790 LGA1700 ATX MB-0666,1978,52,motherboard,gray,ASRock,DDR3
ASRock Z790 AM5 ATX MB-0667,2257,92,motherboard,black,ASRock,DDR5
Biostar X670 LGA1700 Mini-ITX MB-0668,2283,94,motherboard,black,Biostar,DDR5
ASRock Z790 LGA1700 Mini-ITX MB-0669,594,52,motherboard,silver,ASRock,DDR5
Gigabyte B760 AM5 mATX MB-0670,1106,53,motherboard,silver,Gigabyte,DDR3
ASRock B760 AM5 Mini-ITX MB-0671,2243,78,motherboard,black,ASRock,DDR3
Biostar B760 AM5 mATX MB-0672,1731,83,motherboard,silver,Biostar,DDR4
Gigabyte B650 LGA1700 mATX MB-0673,564,68,motherboard,gray,Gigabyte,DDR5
Gigabyte B760 AM5 Mini-ITX MB-0674,2031,72,motherboard,silver,Gigabyte,DDR4
ASRock B760 LGA1700 Mini-ITX MB-0675,1768,63,motherboard,white,ASRock,DDR5
ASUS X670 LGA1700 ATX MB-0676,966,54,motherboard,silver,ASUS,DDR5
ASUS B760 LGA1700 Mini-ITX MB-0677,1207,99,motherboard,black,ASUS,DDR3
Biostar B760 AM5 ATX MB-0678,1693,80,motherboard,silver,Biostar,DDR4
ASUS B760 LGA1700 Mini-ITX MB-0679,2202,64,motherboard,black,ASUS,DDR4
Gigabyte X670 LGA1700 ATX MB-0680,696,73,motherboard,white,Gigabyte,DDR5
ASRock B650 AM5 ATX MB-0681,1559,91,motherboard,white,ASRock,DDR3
Biostar B760 LGA1700 Mini-ITX MB-0682,1572,46,motherboard,white,Biostar,DDR3
Biostar B650 LGA1700 mATX MB-0683,1839,78,motherboard,white,Biostar,DDR5
Biostar B760 AM5 mATX MB-0684,1504,48,motherboard,gray,Biostar,DDR4
Biostar B760 AM5 mATX MB-0685,1746,94,motherboard,white,Biostar,DDR4
ASRock B760 AM5 mATX MB-0686,1520,45,motherboard,gray,ASRock,DDR4
ASUS Z790 AM5 ATX MB-0687,1330,93,motherboard,white,ASUS,DDR3
ASRock B760 AM5 ATX MB-0688,1143,87,motherboard,white,ASRock,DDR4
ASRock Z790 LGA1700 mATX MB-0689,1150,62,motherboard,gray,ASRock,DDR4
ASUS B760 AM5 mATX MB-0690,1328,64,motherboard,black,ASUS,DDR3
Biostar B760 LGA1700 Mini-ITX MB-0691,1180,60,motherboard,gray,Biostar,DDR3
ASRock Z790 AM5 mATX MB-0692,728,80,motherboard,black,ASRock,DDR3
MSI X670 AM5 Mini-ITX MB-0693,1866,49,motherboard,white,MSI,DDR3
Biostar B760 LGA1700 ATX MB-0694,942,64,motherboard,black,Biostar,DDR4
ASUS X670 LGA1700 Mini-ITX MB-0695,2240,78,motherboard,silver,ASUS,DDR4
Gigabyte B650 AM5 Mini-ITX MB-0696,474,71,motherboard,black,Gigabyte,DDR5
Gigabyte B650 LGA1700 Mini-ITX MB-0697,2298,64,motherboard,silver,Gigabyte,DDR3
ASRock B760 AM5 Mini-ITX MB-0698,1863,86,motherboard,silver,ASRock,DDR3
Biostar X670 AM5 Mini-ITX MB-0699,751,79,motherboard,silver,Biostar,DDR4
ASUS B760 AM5 ATX MB-0700,472,83,motherboard,gray,ASUS,DDR5
Gigabyte B760 LGA1700 mATX MB-0701,1803,92,motherboard,gray,Gigabyte,DDR4
ASUS X670 LGA1700 Mini-ITX MB-0702,711,51,motherboard,black,ASUS,DDR3
ASRock Z790 LGA1700 Mini-ITX MB-0703,2044,54,motherboard,white,ASRock,DDR4
MSI B760 AM5 Mini-ITX MB-0704,2004,77,motherboard,black,MSI,DDR3
Biostar B760 LGA1700 mATX MB-0705,2021,58,motherboard,black,Biostar,DDR4
ASUS B760 LGA1700 ATX MB-0706,496,45,motherboard,black,ASUS,DDR4
Gigabyte Z790 LGA1700 mATX MB-0707,1573,90,motherboard,black,Gigabyte,DDR4
Biostar X670 LGA1700 ATX MB-0708,1423,99,motherboard,silver,Biostar,DDR4
MSI X670 LGA1700 ATX MB-0709,1658,71,motherboard,silver,MSI,DDR3
Biostar B650 AM5 Mini-ITX MB-0710,1545,60,motherboard,gray,Biostar,DDR3
Gigabyte Z790 LGA1700 Mini-ITX MB-0711,1750,72,motherboard,silver,Gigabyte,DDR3
Biostar B760 AM5 ATX MB-0712,305,97,motherboard,silver,Biostar,DDR4
ASRock B760 LGA1700 Mini-ITX MB-0713,2063,75,motherboard,silver,ASRock,DDR5
Biostar B650 AM5 mATX MB-0714,455,99,motherboard,white,Biostar,DDR5
ASRock B760 AM5 Mini-ITX MB-0715,1096,76,motherboard,black,ASRock,DDR3
Biostar X670 AM5 mATX MB-0716,2225,63,motherboard,gray,Biostar,DDR5
Gigabyte B650 AM5 mATX MB-0717,1697,99,motherboard,black,Gigabyte,DDR5
Gigabyte Z790 AM5 ATX MB-0718,654,67,motherboard,white,Gigabyte,DDR5
ASUS B650 LGA1700 ATX MB-0719,668,88,motherboard,black,ASUS,DDR3
ASUS X670 AM5 mATX MB-0720,1515,58,motherboard,black,ASUS,DDR3
Gigabyte X670 AM5 ATX MB-0721,1830,50,motherboard,white,Gigabyte,DDR3
ASRock B650 AM5 mATX MB-0722,1072,66,motherboard,gray,ASRock,DDR4
ASUS X670 LGA1700 mATX MB-0723,733,64,motherboard,gray,ASUS,DDR4
Biostar B760 AM5 mATX MB-0724,343,45,motherboard,black,Biostar,DDR3
ASRock B760 AM5 mATX MB-0725,1544,68,motherboard,gray,ASRock,DDR5
Gigabyte Z790 AM5 ATX MB-0726,2078,65,motherboard,gray,Gigabyte,DDR5
ASUS B760 LGA1700 ATX MB-0727,351,51,motherboard,black,ASUS,DDR3
MSI B650 LGA1700 Mini-ITX MB-0728,1314,46,motherboard,silver,MSI,DDR4
Biostar B760 AM5 mATX MB-0729,478,98,motherboard,black,Biostar,DDR4
ASUS B650 AM5 mATX MB-0730,1438,82,motherboard,white,ASUS,DDR3
Gigabyte Z790 LGA1700 Mini-ITX MB-0731,586,59,motherboard,white,Gigabyte,DDR5
Gigabyte B760 AM5 ATX MB-0732,598,81,motherboard,white,Gigabyte,DDR3
MSI B650 AM5 ATX MB-0733,949,46,motherboard,white,MSI,DDR4
Gigabyte B760 LGA1700 Mini-ITX MB-0734,712,79,motherboard,black,Gigabyte,DDR3
Biostar X670 LGA1700 Mini-ITX MB-0735,773,53,motherboard,gray,Biostar,DDR5
Biostar B650 AM5 Mini-ITX MB-0736,1833,92,motherboard,black,Biostar,DDR4
ASRock B650 LGA1700 Mini-ITX MB-0737,301,77,motherboard,black,ASRock,DDR3
Biostar Z790 AM5 Mini-ITX MB-0738,427,64,motherboard,white,Biostar,DDR5
Gigabyte X670 AM5 ATX MB-0739,1388,47,motherboard,black,Gigabyte,DDR3
ASUS Z790 AM5 mATX MB-0740,1390,90,motherboard,gray,ASUS,DDR4
Gigabyte X670 AM5 mATX MB-0741,538,50,motherboard,white,Gigabyte,DDR5
ASUS B650 AM5 ATX MB-0742,333,71,motherboard,silver,ASUS,DDR3
Biostar B650 AM5 mATX MB-0743,1782,81,motherboard,silver,Biostar,DDR5
Biostar Z790 LGA1700 mATX MB-0744,553,46,motherboard,gray,Biostar,DDR5
ASRock B650 LGA1700 ATX MB-0745,612,77,motherboard,white,ASRock,DDR4
ASUS B760 AM5 mATX MB-0746,1808,99,motherboard,white,ASUS,DDR3
Gigabyte B760 AM5 Mini-ITX MB-0747,1733,80,motherboard,black,Gigabyte,DDR3
Gigabyte B760 LGA1700 mATX MB-0748,1697,45,motherboard,silver,Gigabyte,DDR5
ASRock B760 LGA1700 ATX MB-0749,1029,75,motherboard,gray,ASRock,DDR3
Biostar X670 AM5 Mini-ITX MB-0750,1785,74,motherboard,silver,Biostar,DDR4
ASUS X670 LGA1700 ATX MB-0751,947,83,motherboard,white,ASUS,DDR5
Biostar B760 LGA1700 ATX MB-0752,630,59,motherboard,gray,Biostar,DDR4
ASRock B650 AM5 ATX MB-0753,783,55,motherboard,silver,ASRock,DDR3
ASUS B760 LGA1700 ATX MB-0754,1781,45,motherboard,gray,ASUS,DDR3
Gigabyte B760 AM5 mATX MB-0755,340,55,motherboard,white,Gigabyte,DDR5
Gigabyte Z790 LGA1700 mATX MB-0756,695,88,motherboard,gray,Gigabyte,DDR3
MSI Z790 LGA1700 ATX MB-0757,812,90,motherboard,black,MSI,DDR4
ASUS X670 AM5 ATX MB-0758,1323,99,motherboard,white,ASUS,DDR3
MSI Z790 LGA1700 Mini-ITX MB-0759,612,49,motherboard,white,MSI,DDR3
MSI B650 AM5 ATX MB-0760,2149,66,motherboard,silver,MSI,DDR4
MSI X670 LGA1700 ATX MB-0761,1113,70,motherboard,gray,MSI,DDR5
ASUS X670 LGA1700 ATX MB-0762,1466,47,motherboard,silver,ASUS,DDR5
Gigabyte B650 AM5 Mini-ITX MB-0763,335,87,motherboard,white,Gigabyte,DDR5
Biostar B760 LGA1700 ATX MB-0764,1291,61,motherboard,gray,Biostar,DDR4
Gigabyte X670 AM5 ATX MB-0765,1277,73,motherboard,gray,Gigabyte,DDR4
ASRock Z790 AM5 ATX MB-0766,1095,91,motherboard,white,ASRock,DDR3
MSI B650 AM5 ATX MB-0767,2015,59,motherboard,white,MSI,DDR5
ASUS B760 LGA1700 mATX MB-0768,2228,84,motherboard,black,ASUS,DDR3
ASRock B650 AM5 mATX MB-0769,955,89,motherboard,black,ASRock,DDR4
MSI X670 AM5 Mini-ITX MB-0770,1502,80,motherboard,gray,MSI,DDR3
MSI B650 AM5 ATX MB-0771,596,86,motherboard,white,MSI,DDR3
ASUS Z790 AM5 mATX MB-0772,1159,83,motherboard,gray,ASUS,DDR5
Gigabyte Z790 AM5 ATX MB-0773,305,86,motherboard,silver,Gigabyte,DDR5
ASRock B760 LGA1700 Mini-ITX MB-0774,2188,76,motherboard,gray,ASRock,DDR3
ASUS X670 LGA1700 mATX MB-0775,733,70,motherboard,silver,ASUS,DDR3
MSI X670 LGA1700 ATX MB-0776,1525,85,motherboard,black,MSI,DDR4
Biostar Z790 AM5 Mini-ITX MB-0777,826,50,motherboard,silver,Biostar,DDR3
Biostar Z790 AM5 mATX MB-0778,1714,72,motherboard,gray,Biostar,DDR3
ASRock B760 AM5 Mini-ITX MB-0779,989,90,motherboard,silver,ASRock,DDR5
ASRock B650 AM5 mATX MB-0780,1741,65,motherboard,silver,ASRock,DDR5
Biostar B650 AM5 ATX MB-0781,1012,76,motherboard,silver,Biostar,DDR5
Gigabyte Z790 LGA1700 ATX MB-0782,517,84,motherboard,silver,Gigabyte,DDR3
ASUS B650 AM5 Mini-ITX MB-0783,2165,46,motherboard,gray,ASUS,DDR5
ASRock X670 AM5 Mini-ITX MB-0784,1190,95,motherboard,black,ASRock,DDR4
ASUS Z790 LGA1700 Mini-ITX MB-0785,828,100,motherboard,gray,ASUS,DDR5
ASUS Z790 LGA1700 mATX MB-0786,744,84,motherboard,black,ASUS,DDR4
ASUS B650 AM5 ATX MB-0787,1684,73,motherboard,gray,ASUS,DDR3
Biostar B760 AM5 mATX MB-0788,300,47,motherboard,gray,Biostar,DDR4
Biostar X670 LGA1700 ATX MB-0789,1796,49,motherboard,black,Biostar,DDR3
ASUS Z790 AM5 mATX MB-0790,1696,70,motherboard,white,ASUS,DDR4
ASRock Z790 AM5 mATX MB-0791,806,63,motherboard,silver,ASRock,DDR5
Biostar X670 LGA1700 Mini-ITX MB-0792,663,55,motherboard,silver,Biostar,DDR3
Biostar B650 AM5 mATX MB-0793,1266,95,motherboard,black,Biostar,DDR5
ASRock B760 LGA1700 Mini-ITX MB-0794,2148,62,motherboard,gray,ASRock,DDR5
ASUS B650 AM5 mATX MB-0795,731,90,motherboard,silver,ASUS,DDR3
MSI B760 LGA1700 mATX MB-0796,1737,69,motherboard,silver,MSI,DDR4
Gigabyte B650 AM5 mATX MB-0797,2202,99,motherboard,black,Gigabyte,DDR4
ASRock X670 LGA1700 mATX MB-0798,1378,46,motherboard,white,ASRock,DDR3
Biostar X670 LGA1700 Mini-ITX MB-0799,1724,88,motherboard,white,Biostar,DDR3
ASRock B760 LGA1700 ATX MB-0800,783,94,motherboard,black,ASRock,DDR5
Gigabyte X670 LGA1700 Mini-ITX MB-0801,566,61,motherboard,black,Gigabyte,DDR3
Biostar X670 AM5 mATX MB-0802,2086,70,motherboard,gray,Biostar,DDR4
Biostar X670 LGA1700 Mini-ITX MB-0803,307,46,motherboard,gray,Biostar,DDR4
ASUS B650 LGA1700 Mini-ITX MB-0804,1866,59,motherboard,black,ASUS,DDR3
MSI B650 AM5 Mini-ITX MB-0805,1071,48,motherboard,gray,MSI,DDR4
Biostar Z790 AM5 mATX MB-0806,783,96,motherboard,silver,Biostar,DDR5
Biostar B650 LGA1700 Mini-ITX MB-0807,1814,59,motherboard,white,Biostar,DDR3
MSI B760 LGA1700 Mini-ITX MB-0808,906,75,motherboard,gray,MSI,DDR3
Biostar Z790 LGA1700 mATX MB-0809,1770,91,motherboard,white,Biostar,DDR4
ASRock X670 LGA1700 ATX MB-0810,379,49,motherboard,black,ASRock,DDR4
Gigabyte Z790 AM5 Mini-ITX MB-0811,370,94,motherboard,black,Gigabyte,DDR5
ASUS B650 AM5 mATX MB-0812,2240,89,motherboard,silver,ASUS,DDR3
MSI Z790 AM5 ATX MB-0813,745,45,motherboard,white,MSI,DDR3
Gigabyte B760 LGA1700 ATX MB-0814,651,93,motherboard,black,Gigabyte,DDR5
Gigabyte B760 LGA1700 mATX MB-0815,2028,54,motherboard,silver,Gigabyte,DDR5
ASUS B760 LGA1700 mATX MB-0816,629,84,motherboard,white,ASUS,DDR3
Gigabyte B650 LGA1700 Mini-ITX MB-0817,1479,100,motherboard,gray,Gigabyte,DDR4
MSI X670 LGA1700 Mini-ITX MB-0818,1474,56,motherboard,black,MSI,DDR5
ASRock B650 LGA1700 mATX MB-0819,852,92,motherboard,white,ASRock,DDR5
Biostar B650 AM5 ATX MB-0820,2239,52,motherboard,black,Biostar,DDR5
Biostar X670 LGA1700 ATX MB-0821,604,72,motherboard,black,Biostar,DDR5
MSI Z790 LGA1700 mATX MB-0822,413,55,motherboard,white,MSI,DDR4
ASRock B760 LGA1700 ATX MB-0823,840,55,motherboard,silver,ASRock,DDR3
Biostar B760 AM5 Mini-ITX MB-0824,1863,58,motherboard,white,Biostar,DDR5
Biostar X670 AM5 Mini-ITX MB-0825,1471,61,motherboard,gray,Biostar,DDR4
ASRock B650 LGA1700 Mini-ITX MB-0826,2190,85,motherboard,gray,ASRock,DDR3
ASRock B760 AM5 mATX MB-0827,1988,71,motherboard,gray,ASRock,DDR4
Gigabyte X670 LGA1700 ATX MB-0828,1758,54,motherboard,gray,Gigabyte,DDR3
MSI X670 LGA1700 Mini-ITX MB-0829,370,53,motherboard,silver,MSI,DDR5
Biostar B650 LGA1700 ATX MB-0830,620,68,motherboard,gray,Biostar,DDR4
Biostar B650 LGA1700 mATX MB-0831,630,87,motherboard,silver,Biostar,DDR4
MSI X670 LGA1700 mATX MB-0832,2158,72,motherboard,silver,MSI,DDR3
ASRock B760 LGA1700 Mini-ITX MB-0833,635,91,motherboard,black,ASRock,DDR5
ASRock B650 LGA1700 ATX MB-0834,1783,69,motherboard,black,ASRock,DDR5
Gigabyte B650 LGA1700 mATX MB-0835,471,82,motherboard,gray,Gigabyte,DDR3
Biostar B650 LGA1700 mATX MB-0836,1760,77,motherboard,silver,Biostar,DDR5
ASUS B760 LGA1700 ATX MB-0837,831,52,motherboard,white,ASUS,DDR5
ASRock B760 AM5 ATX MB-0838,1161,80,motherboard,gray,ASRock,DDR3
Biostar B650 LGA1700 ATX MB-0839,1227,67,motherboard,gray,Biostar,DDR4
ASRock B760 LGA1700 Mini-ITX MB-0840,842,72,motherboard,gray,ASRock,DDR4
Biostar B760 AM5 Mini-ITX MB-0841,2240,100,motherboard,silver,Biostar,DDR5
ASUS B650 AM5 mATX MB-0842,912,79,motherboard,gray,ASUS,DDR5
Gigabyte Z790 AM5 Mini-ITX MB-0843,586,66,motherboard,black,Gigabyte,DDR4
ASRock B760 LGA1700 mATX MB-0844,495,70,motherboard,white,ASRock,DDR5
Gigabyte X670 LGA1700 Mini-ITX MB-0845,487,76,motherboard,white,Gigabyte,DDR5
ASRock B650 LGA1700 ATX MB-0846,979,78,motherboard,silver,ASRock,DDR3
MSI X670 LGA1700 Mini-ITX MB-0847,1133,97,motherboard,white,MSI,DDR5
Biostar B760 LGA1700 ATX MB-0848,2077,49,motherboard,silver,Biostar,DDR3
Gigabyte X670 LGA1700 Mini-ITX MB-0849,642,50,motherboard,white,Gigabyte,DDR5
Gigabyte B760 AM5 mATX MB-0850,1993,92,motherboard,black,Gigabyte,DDR3
ASUS B760 AM5 ATX MB-0851,794,73,motherboard,gray,ASUS,DDR4
ASUS Z790 LGA1700 ATX MB-0852,380,73,motherboard,silver,ASUS,DDR5
Biostar X670 LGA1700 Mini-ITX MB-0853,2123,53,motherboard,black,Biostar,DDR4
ASUS B650 LGA1700 ATX MB-0854,2096,64,motherboard,black,ASUS,DDR4
Biostar B650 AM5 mATX MB-0855,1404,83,motherboard,gray,Biostar,DDR4
MSI Z790 LGA1700 mATX MB-0856,496,67,motherboard,black,MSI,DDR5
MSI B650 AM5 Mini-ITX MB-0857,498,76,motherboard,silver,MSI,DDR3
Biostar B760 LGA1700 ATX MB-0858,1056,87,motherboard,white,Biostar,DDR5
ASUS Z790 AM5 mATX MB-0859,2141,54,motherboard,silver,ASUS,DDR3
MSI X670 LGA1700 mATX MB-0860,1367,53,motherboard,gray,MSI,DDR3
Biostar B760 LGA1700 mATX MB-0861,378,60,motherboard,white,Biostar,DDR4
ASUS Z790 LGA1700 ATX MB-0862,2154,85,motherboard,gray,ASUS,DDR3
MSI B650 LGA1700 Mini-ITX MB-0863,2003,52,motherboard,gray,MSI,DDR5
Biostar X670 AM5 mATX MB-0864,787,97,motherboard,black,Biostar,DDR3
ASRock Z790 AM5 ATX MB-0865,1334,97,motherboard,black,ASRock,DDR5
Biostar B650 AM5 ATX MB-0866,793,66,motherboard,silver,Biostar,DDR4
Gigabyte B760 AM5 Mini-ITX MB-0867,661,88,motherboard,black,Gigabyte,DDR3
Gigabyte Z790 LGA1700 Mini-ITX MB-0868,1251,76,motherboard,white,Gigabyte,DDR5
Gigabyte B650 AM5 Mini-ITX MB-0869,1322,66,motherboard,silver,Gigabyte,DDR5
MSI B760 AM5 ATX MB-0870,1831,61,motherboard,silver,MSI,DDR3
MSI B650 LGA1700 ATX MB-0871,1642,95,motherboard,gray,MSI,DDR4
ASRock B760 AM5 mATX MB-0872,772,56,motherboard,black,ASRock,DDR4
Gigabyte B760 LGA1700 mATX MB-0873,848,87,motherboard,gray,Gigabyte,DDR3
MSI B650 LGA1700 ATX MB-0874,2110,91,motherboard,white,MSI,DDR3
Biostar X670 LGA1700 mATX MB-0875,1937,85,motherboard,black,Biostar,DDR5
ASRock B760 AM5 ATX MB-0876,2002,87,motherboard,silver,ASRock,DDR4
Biostar Z790 LGA1700 Mini-ITX MB-0877,1519,62,motherboard,white,Biostar,DDR4
Biostar Z790 AM5 Mini-ITX MB-0878,1546,57,motherboard,white,Biostar,DDR4
ASRock B760 LGA1700 ATX MB-0879,574,100,motherboard,white,ASRock,DDR3
Biostar X670 LGA1700 ATX MB-0880,1667,54,motherboard,black,Biostar,DDR4
MSI B760 AM5 mATX MB-0881,654,92,motherboard,white,MSI,DDR4
MSI X670 LGA1700 mATX MB-0882,1645,69,motherboard,silver,MSI,DDR4
MSI X670 AM5 ATX MB-0883,1456,49,motherboard,black,MSI,DDR5
ASUS B650 LGA1700 Mini-ITX MB-0884,2276,100,motherboard,black,ASUS,DDR4
MSI B650 AM5 Mini-ITX MB-0885,1240,91,motherboard,gray,MSI,DDR3
ASUS B650 AM5 mATX MB-0886,2235,51,motherboard,white,ASUS,DDR3
Gigabyte X670 LGA1700 mATX MB-0887,1272,77,motherboard,white,Gigabyte,DDR4
MSI B650 AM5 mATX MB-0888,989,81,motherboard,gray,MSI,DDR3
MSI X670 AM5 Mini-ITX MB-0889,2134,78,motherboard,gray,MSI,DDR3
ASRock B760 AM5 ATX MB-0890,2026,91,motherboard,silver,ASRock,DDR3
ASRock B650 LGA1700 Mini-ITX MB-0891,1557,77,motherboard,black,ASRock,DDR3
Gigabyte B760 AM5 mATX MB-0892,1151,68,motherboard,black,Gigabyte,DDR5
Gigabyte B650 LGA1700 Mini-ITX MB-0893,533,97,motherboard,silver,Gigabyte,DDR3
Biostar B760 AM5 mATX MB-0894,2016,72,motherboard,black,Biostar,DDR3
ASUS X670 LGA1700 Mini-ITX MB-0895,857,87,motherboard,gray,ASUS,DDR3
Gigabyte Z790 AM5 Mini-ITX MB-0896,1086,59,motherboard,silver,Gigabyte,DDR4
Biostar B760 LGA1700 Mini-ITX MB-0897,811,60,motherboard,gray,Biostar,DDR3
ASUS X670 AM5 ATX MB-0898,1330,81,motherboard,gray,ASUS,DDR5
ASRock B650 AM5 Mini-ITX MB-0899,758,61,motherboard,gray,ASRock,DDR4
MSI B760 AM5 mATX MB-0900,389,70,motherboard,silver,MSI,DDR3
MSI B760 AM5 mATX MB-0901,1429,87,motherboard,black,MSI,DDR4
Biostar B650 LGA1700 ATX MB-0902,1730,54,motherboard,white,Biostar,DDR5
Gigabyte Z790 AM5 ATX MB-0903,753,74,motherboard,silver,Gigabyte,DDR3
ASUS Z790 AM5 mATX MB-0904,807,92,motherboard,black,ASUS,DDR5
ASRock B760 AM5 Mini-ITX MB-0905,1903,53,motherboard,white,ASRock,DDR5
ASUS B760 AM5 ATX MB-0906,911,72,motherboard,white,ASUS,DDR5
Gigabyte B760 LGA1700 ATX MB-0907,1663,56,motherboard,black,Gigabyte,DDR5
Biostar Z790 AM5 ATX MB-0908,1107,100,motherboard,gray,Biostar,DDR5
MSI B650 LGA1700 mATX MB-0909,1296,68,motherboard,silver,MSI,DDR3
ASUS Z790 AM5 ATX MB-0910,846,87,motherboard,black,ASUS,DDR4
ASRock B760 AM5 mATX MB-0911,1703,63,motherboard,black,ASRock,DDR4
ASUS B650 AM5 Mini-ITX MB-0912,464,68,motherboard,gray,ASUS,DDR5
Gigabyte X670 LGA1700 Mini-ITX MB-0913,2207,82,motherboard,gray,Gigabyte,DDR5
Biostar B760 LGA1700 mATX MB-0914,652,58,motherboard,white,Biostar,DDR3
ASUS Z790 AM5 Mini-ITX MB-0915,2107,53,motherboard,silver,ASUS,DDR5
Biostar B760 AM5 Mini-ITX MB-0916,2142,75,motherboard,gray,Biostar,DDR5
Biostar B760 AM5 Mini-ITX MB-0917,1381,86,motherboard,black,Biostar,DDR4
Biostar B650 AM5 ATX MB-0918,611,67,motherboard,silver,Biostar,DDR4
MSI X670 AM5 ATX MB-0919,843,85,motherboard,gray,MSI,DDR5
ASUS Z790 LGA1700 Mini-ITX MB-0920,784,78,motherboard,black,ASUS,DDR4
Gigabyte Z790 LGA1700 mATX MB-0921,1252,59,motherboard,gray,Gigabyte,DDR5
Biostar B650 LGA1700 Mini-ITX MB-0922,1835,46,motherboard,silver,Biostar,DDR3
MSI Z790 LGA1700 ATX MB-0923,1181,66,motherboard,gray,MSI,DDR5
Biostar Z790 AM5 mATX MB-0924,1737,82,motherboard,white,Biostar,DDR3
Biostar B650 LGA1700 mATX MB-0925,1700,97,motherboard,black,Biostar,DDR4
MSI X670 AM5 mATX MB-0926,879,52,motherboard,white,MSI,DDR5
ASUS Z790 AM5 ATX MB-0927,1924,64,motherboard,gray,ASUS,DDR4
Biostar B650 AM5 mATX MB-0928,1726,100,motherboard,white,Biostar,DDR3
MSI B650 AM5 Mini-ITX MB-0929,833,76,motherboard,white,MSI,DDR4
ASUS Z790 AM5 ATX MB-0930,1825,96,motherboard,black,ASUS,DDR4
Biostar B650 LGA1700 Mini-ITX MB-0931,1465,51,motherboard,gray,Biostar,DDR4
ASUS B650 LGA1700 Mini-ITX MB-0932,1847,88,motherboard,silver,ASUS,DDR5
ASRock X670 LGA1700 mATX MB-0933,1063,68,motherboard,gray,ASRock,DDR5
ASRock B650 AM5 Mini-ITX MB-0934,1797,59,motherboard,silver,ASRock,DDR5
ASRock B650 LGA1700 ATX MB-0935,706,69,motherboard,gray,ASRock,DDR3
ASRock Z790 AM5 ATX MB-0936,1432,60,motherboard,white,ASRock,DDR4
Biostar X670 LGA1700 Mini-ITX MB-0937,703,73,motherboard,gray,Biostar,DDR4
Gigabyte X670 AM5 mATX MB-0938,455,82,motherboard,black,Gigabyte,DDR3
ASUS X670 LGA1700 ATX MB-0939,1982,75,motherboard,gray,ASUS,DDR4
ASRock X670 AM5 ATX MB-0940,1348,99,motherboard,black,ASRock,DDR4
ASRock Z790 LGA1700 mATX MB-0941,1629,61,motherboard,black,ASRock,DDR5
MSI B650 AM5 ATX MB-0942,1267,46,motherboard,white,MSI,DDR4
Biostar B760 LGA1700 ATX MB-0943,1033,97,motherboard,silver,Biostar,DDR4
ASRock B760 AM5 mATX MB-0944,337,93,motherboard,silver,ASRock,DDR4
Gigabyte B650 AM5 mATX MB-0945,1018,48,motherboard,silver,Gigabyte,DDR4
ASRock Z790 LGA1700 mATX MB-0946,2297,56,motherboard,black,ASRock,DDR3
ASRock Z790 AM5 Mini-ITX MB-0947,1370,65,motherboard,silver,ASRock,DDR3
Biostar X670 LGA1700 ATX MB-0948,478,49,motherboard,gray,Biostar,DDR3
MSI B650 AM5 ATX MB-0949,1698,100,motherboard,white,MSI,DDR5
MSI Z790 LGA1700 ATX MB-0950,2255,86,motherboard,gray,MSI,DDR5
ASUS X670 LGA1700 Mini-ITX MB-0951,948,46,motherboard,black,ASUS,DDR5
Gigabyte B650 LGA1700 ATX MB-0952,385,67,motherboard,silver,Gigabyte,DDR5
ASRock B650 LGA1700 mATX MB-0953,1506,65,motherboard,gray,ASRock,DDR4
ASUS B650 LGA1700 Mini-ITX MB-0954,1497,55,motherboard,silver,ASUS,DDR4
Biostar B650 AM5 mATX MB-0955,2001,95,motherboard,silver,Biostar,DDR5
Gigabyte B760 AM5 ATX MB-0956,475,60,motherboard,gray,Gigabyte,DDR4
MSI B760 LGA1700 mATX MB-0957,2262,100,motherboard,gray,MSI,DDR3
Gigabyte X670 LGA1700 ATX MB-0958,1012,77,motherboard,black,Gigabyte,DDR4
ASUS B760 LGA1700 Mini-ITX MB-0959,1174,50,motherboard,white,ASUS,DDR3
Gigabyte B760 AM5 ATX MB-0960,778,62,motherboard,white,Gigabyte,DDR5
Gigabyte B760 LGA1700 ATX MB-0961,1590,86,motherboard,white,Gigabyte,DDR3
ASUS B760 LGA1700 ATX MB-0962,475,47,motherboard,black,ASUS,DDR4
ASUS B760 LGA1700 ATX MB-0963,1599,87,motherboard,black,ASUS,DDR3
Biostar X670 AM5 ATX MB-0964,1580,83,motherboard,silver,Biostar,DDR4
Biostar B650 LGA1700 mATX MB-0965,1091,83,motherboard,gray,Biostar,DDR3
ASUS B760 LGA1700 ATX MB-0966,2240,97,motherboard,black,ASUS,DDR4
ASRock B760 AM5 ATX MB-0967,1657,58,motherboard,silver,ASRock,DDR5
ASRock B760 AM5 Mini-ITX MB-0968,1382,65,motherboard,white,ASRock,DDR5
MSI X670 AM5 mATX MB-0969,2021,70,motherboard,silver,MSI,DDR5
ASUS B650 LGA1700 Mini-ITX MB-0970,1481,73,motherboard,gray,ASUS,DDR5
Gigabyte B760 AM5 Mini-ITX MB-0971,1029,94,motherboard,gray,Gigabyte,DDR5
Biostar Z790 AM5 ATX MB-0972,1105,96,motherboard,silver,Biostar,DDR4
Gigabyte X670 LGA1700 Mini-ITX MB-0973,852,49,motherboard,gray,Gigabyte,DDR4
Biostar B760 LGA1700 mATX MB-0974,998,96,motherboard,gray,Biostar,DDR3
ASRock B760 AM5 mATX MB-0975,713,97,motherboard,gray,ASRock,DDR5
ASUS Z790 AM5 Mini-ITX MB-0976,2178,82,motherboard,white,ASUS,DDR3
MSI B650 AM5 Mini-ITX MB-0977,2134,66,motherboard,white,MSI,DDR4
ASRock Z790 LGA1700 ATX MB-0978,1459,59,motherboard,gray,ASRock,DDR4
MSI Z790 LGA1700 mATX MB-0979,694,85,motherboard,gray,MSI,DDR5
ASUS B760 AM5 ATX MB-0980,2087,57,motherboard,silver,ASUS,DDR4
MSI B760 LGA1700 ATX MB-0981,1411,73,motherboard,black,MSI,DDR5
ASRock B650 AM5 mATX MB-0982,1971,71,motherboard,white,ASRock,DDR3
Gigabyte Z790 LGA1700 Mini-ITX MB-0983,311,70,motherboard,black,Gigabyte,DDR3
ASUS B760 AM5 ATX MB-0984,1695,79,motherboard,silver,ASUS,DDR5
Biostar X670 AM5 ATX MB-0985,1009,46,motherboard,silver,Biostar,DDR3
ASUS Z790 LGA1700 mATX MB-0986,1731,57,motherboard,silver,ASUS,DDR3
ASUS X670 LGA1700 mATX MB-0987,990,71,motherboard,black,ASUS,DDR3
Biostar X670 AM5 ATX MB-0988,2155,85,motherboard,gray,Biostar,DDR3
MSI B760 LGA1700 mATX MB-0989,429,73,motherboard,white,MSI,DDR3
MSI B760 LGA1700 mATX MB-0990,783,88,motherboard,gray,MSI,DDR3
ASRock Z790 LGA1700 Mini-ITX MB-0991,1380,88,motherboard,white,ASRock,DDR4
Biostar X670 AM5 mATX MB-0992,1683,78,motherboard,silver,Biostar,DDR4
Gigabyte B760 LGA1700 ATX MB-0993,602,95,motherboard,black,Gigabyte,DDR3
ASRock B650 AM5 mATX MB-0994,429,60,motherboard,white,ASRock,DDR5
Gigabyte X670 AM5 Mini-ITX MB-0995,1073,49,motherboard,white,Gigabyte,DDR4
Biostar X670 LGA1700 Mini-ITX MB-0996,959,85,motherboard,gray,Biostar,DDR5
ASRock Z790 LGA1700 mATX MB-0997,1643,87,motherboard,silver,ASRock,DDR4
ASUS B650 AM5 mATX MB-0998,398,99,motherboard,silver,ASUS,DDR5
ASRock Z790 LGA1700 ATX MB-0999,1210,52,motherboard,silver,ASRock,DDR5
MSI B760 LGA1700 ATX MB-1000,734,86,motherboard,black,MSI,DDR5
