name,price,value,type,color,brand,ram_type,rgb
Crucial DDR5 16GB 1333MHz 1x RAM-0001,257,95,ram,black,Crucial,DDR5,yes
Kingston DDR5 32GB 1600MHz 1x RAM-0002,442,80,ram,gray,Kingston,DDR5,no
Crucial DDR3 64GB 1600MHz 1x RAM-0003,930,78,ram,silver,Crucial,DDR3,yes
Kingston DDR4 32GB 3200MHz 2x RAM-0004,586,43,ram,black,Kingston,DDR4,yes
Patriot DDR4 64GB 4000MHz 1x RAM-0005,986,67,ram,silver,Patriot,DDR4,no
Corsair DDR5 8GB 1866MHz 2x RAM-0006,305,79,ram,white,Corsair,DDR5,no
Kingston DDR3 8GB 6000MHz 2x RAM-0007,408,100,ram,silver,Kingston,DDR3,no
Corsair DDR3 32GB 5200MHz 2x RAM-0008,612,80,ram,gray,Corsair,DDR3,no
Kingston DDR5 16GB 3600MHz 2x RAM-0009,402,74,ram,silver,Kingston,DDR5,yes
Crucial DDR3 32GB 6000MHz 4x RAM-0010,740,86,ram,black,Crucial,DDR3,yes
G.SKILL DDR4 8GB 1600MHz 2x RAM-0011,314,62,ram,silver,G.SKILL,DDR4,no
G.SKILL DDR4 8GB 4000MHz 4x RAM-0012,327,81,ram,silver,G.SKILL,DDR4,yes
Patriot DDR5 32GB 3600MHz 4x RAM-0013,641,43,ram,black,Patriot,DDR5,yes
Corsair DDR4 8GB 5600MHz 2x RAM-0014,326,94,ram,black,Corsair,DDR4,no
Kingston DDR3 64GB 2133MHz 4x RAM-0015,977,72,ram,gray,Kingston,DDR3,no
Patriot DDR4 64GB 1333MHz 2x RAM-0016,914,87,ram,gray,Patriot,DDR4,yes
Kingston DDR3 8GB 6400MHz 2x RAM-0017,498,83,ram,white,Kingston,DDR3,yes
Kingston DDR4 64GB 5600MHz 1x RAM-0018,993,89,ram,white,Kingston,DDR4,no
Corsair DDR5 32GB 5200MHz 1x RAM-0019,576,98,ram,gray,Corsair,DDR5,no
Patriot DDR5 16GB 1333MHz 1x RAM-0020,296,78,ram,silver,Patriot,DDR5,yes
Kingston DDR3 64GB 1333MHz 1x RAM-0021,832,89,ram,silver,Kingston,DDR3,yes
Corsair DDR5 16GB 5200MHz 2x RAM-0022,556,65,ram,white,Corsair,DDR5,yes
Kingston DDR4 64GB 3200MHz 1x RAM-0023,987,91,ram,silver,Kingston,DDR4,yes
Kingston DDR4 16GB 5600MHz 1x RAM-0024,462,84,ram,black,Kingston,DDR4,no
Kingston DDR4 32GB 6000MHz 4x RAM-0025,747,71,ram,silver,Kingston,DDR4,no
Patriot DDR3 8GB 5200MHz 1x RAM-0026,414,82,ram,white,Patriot,DDR3,no
G.SKILL DDR5 32GB 1333MHz 1x RAM-0027,573,59,ram,silver,G.SKILL,DDR5,no
Crucial DDR4 64GB 1600MHz 2x RAM-0028,967,85,ram,gray,Crucial,DDR4,yes
Corsair DDR3 16GB 6400MHz 4x RAM-0029,638,77,ram,silver,Corsair,DDR3,yes
Corsair DDR4 32GB 1333MHz 4x RAM-0030,492,56,ram,gray,Corsair,DDR4,no
Patriot DDR3 64GB 1600MHz 1x RAM-0031,893,100,ram,gray,Patriot,DDR3,no
Patriot DDR3 16GB 1333MHz 1x RAM-0032,337,40,ram,silver,Patriot,DDR3,no
G.SKILL DDR3 8GB 1600MHz 2x RAM-0033,226,84,ram,silver,G.SKILL,DDR3,no
G.SKILL DDR3 16GB 1333MHz 2x RAM-0034,263,79,ram,gray,G.SKILL,DDR3,yes
Kingston DDR3 16GB 1333MHz 2x RAM-0035,362,53,ram,gray,Kingston,DDR3,yes
Crucial DDR4 16GB 3200MHz 1x RAM-0036,391,61,ram,black,Crucial,DDR4,no
Kingston DDR3 8GB 5600MHz 2x RAM-0037,377,90,ram,silver,Kingston,DDR3,no
G.SKILL DDR3 64GB 3200MHz 2x RAM-0038,931,99,ram,white,G.SKILL,DDR3,yes
Patriot DDR3 16GB 5600MHz 2x RAM-0039,571,57,ram,black,Patriot,DDR3,yes
Patriot DDR5 64GB 3200MHz 1x RAM-0040,987,66,ram,white,Patriot,DDR5,yes
Crucial DDR3 64GB 3200MHz 4x RAM-0041,1070,52,ram,gray,Crucial,DDR3,yes
Crucial DDR4 8GB 5600MHz 4x RAM-0042,383,47,ram,white,Crucial,DDR4,yes
Crucial DDR4 64GB 1600MHz 4x RAM-0043,946,80,ram,silver,Crucial,DDR4,no
Corsair DDR3 32GB 2133MHz 1x RAM-0044,514,78,ram,gray,Corsair,DDR3,yes
Corsair DDR4 64GB 3600MHz 4x RAM-0045,978,59,ram,white,Corsair,DDR4,yes
Kingston DDR3 32GB 4000MHz 2x RAM-0046,664,65,ram,white,Kingston,DDR3,no
Corsair DDR5 8GB 4000MHz 1x RAM-0047,350,87,ram,white,Corsair,DDR5,no
Patriot DDR3 16GB 3600MHz 4x RAM-0048,508,82,ram,gray,Patriot,DDR3,yes
G.SKILL DDR5 32GB 4000MHz 4x RAM-0049,668,40,ram,white,G.SKILL,DDR5,yes
Patriot DDR3 8GB 2133MHz 4x RAM-0050,299,67,ram,silver,Patriot,DDR3,no
Corsair DDR5 8GB 5600MHz 2x RAM-0051,451,68,ram,silver,Corsair,DDR5,yes
Patriot DDR5 64GB 1866MHz 1x RAM-0052,924,71,ram,gray,Patriot,DDR5,no
Corsair DDR4 16GB 2133MHz 2x RAM-0053,419,98,ram,silver,Corsair,DDR4,no
Corsair DDR3 8GB 2133MHz 1x RAM-0054,237,61,ram,white,Corsair,DDR3,yes
G.SKILL DDR4 8GB 3200MHz 4x RAM-0055,271,51,ram,white,G.SKILL,DDR4,no
Patriot DDR4 16GB 1866MHz 2x RAM-0056,279,61,ram,black,Patriot,DDR4,yes
Crucial DDR5 8GB 5600MHz 4x RAM-0057,478,81,ram,white,Crucial,DDR5,no
Crucial DDR3 8GB 3200MHz 2x RAM-0058,264,65,ram,silver,Crucial,DDR3,no
Crucial DDR3 8GB 1600MHz 2x RAM-0059,246,96,ram,silver,Crucial,DDR3,no
Patriot DDR5 16GB 5600MHz 4x RAM-0060,500,63,ram,white,Patriot,DDR5,no
G.SKILL DDR3 64GB 2133MHz 1x RAM-0061,896,91,ram,white,G.SKILL,DDR3,no
Patriot DDR3 64GB 1600MHz 1x RAM-0062,905,90,ram,silver,Patriot,DDR3,no
Corsair DDR4 8GB 3200MHz 4x RAM-0063,283,47,ram,white,Corsair,DDR4,yes
Crucial DDR5 16GB 3600MHz 1x RAM-0064,411,46,ram,white,Crucial,DDR5,yes
G.SKILL DDR4 32GB 1600MHz 1x RAM-0065,548,78,ram,white,G.SKILL,DDR4,no
Corsair DDR5 32GB 2133MHz 4x RAM-0066,511,84,ram,gray,Corsair,DDR5,yes
Kingston DDR5 8GB 1333MHz 2x RAM-0067,247,40,ram,silver,Kingston,DDR5,yes
G.SKILL DDR5 16GB 1600MHz 1x RAM-0068,268,64,ram,black,G.SKILL,DDR5,yes
Patriot DDR5 8GB 6400MHz 4x RAM-0069,405,91,ram,black,Patriot,DDR5,yes
Patriot DDR3 8GB 5600MHz 2x RAM-0070,380,68,ram,black,Patriot,DDR3,yes
Crucial DDR5 32GB 2133MHz 4x RAM-0071,563,47,ram,white,Crucial,DDR5,yes
Kingston DDR3 8GB 5600MHz 4x RAM-0072,473,75,ram,white,Kingston,DDR3,yes
Corsair DDR3 64GB 1866MHz 4x RAM-0073,997,84,ram,black,Corsair,DDR3,no
G.SKILL DDR4 64GB 4000MHz 1x RAM-0074,910,72,ram,gray,G.SKILL,DDR4,yes
Kingston DDR4 64GB 1866MHz 1x RAM-0075,880,42,ram,gray,Kingston,DDR4,no
Crucial DDR4 64GB 1333MHz 1x RAM-0076,920,64,ram,gray,Crucial,DDR4,no
G.SKILL DDR5 8GB 5200MHz 4x RAM-0077,467,78,ram,silver,G.SKILL,DDR5,no
G.SKILL DDR5 32GB 2133MHz 1x RAM-0078,594,51,ram,silver,G.SKILL,DDR5,yes
G.SKILL DDR3 64GB 5200MHz 4x RAM-0079,1136,82,ram,gray,G.SKILL,DDR3,no
G.SKILL DDR5 16GB 4000MHz 4x RAM-0080,506,100,ram,gray,G.SKILL,DDR5,yes
G.SKILL DDR4 8GB 1600MHz 2x RAM-0081,290,65,ram,silver,G.SKILL,DDR4,no
G.SKILL DDR3 32GB 6400MHz 2x RAM-0082,755,76,ram,black,G.SKILL,DDR3,yes
Patriot DDR3 16GB 5200MHz 4x RAM-0083,580,64,ram,black,Patriot,DDR3,no
Corsair DDR3 64GB 3200MHz 4x RAM-0084,1018,61,ram,silver,Corsair,DDR3,no
Crucial DDR4 16GB 5200MHz 1x RAM-0085,534,98,ram,gray,Crucial,DDR4,yes
G.SKILL DDR4 32GB 5200MHz 4x RAM-0086,753,88,ram,gray,G.SKILL,DDR4,no
Corsair DDR5 8GB 5600MHz 4x RAM-0087,513,97,ram,silver,Corsair,DDR5,no
Patriot DDR3 16GB 5600MHz 1x RAM-0088,447,88,ram,gray,Patriot,DDR3,yes
Crucial DDR5 64GB 4000MHz 2x RAM-0089,948,87,ram,black,Crucial,DDR5,yes
Kingston DDR4 32GB 5200MHz 4x RAM-0090,755,56,ram,black,Kingston,DDR4,no
Crucial DDR5 32GB 6000MHz 4x RAM-0091,703,84,ram,silver,Crucial,DDR5,yes
Kingston DDR4 32GB 3600MHz 1x RAM-0092,608,58,ram,white,Kingston,DDR4,no
G.SKILL DDR5 64GB 1866MHz 1x RAM-0093,942,78,ram,gray,G.SKILL,DDR5,yes
Crucial DDR4 8GB 1333MHz 4x RAM-0094,347,53,ram,white,Crucial,DDR4,no
Crucial DDR3 32GB 1600MHz 2x RAM-0095,472,86,ram,gray,Crucial,DDR3,yes
Patriot DDR3 16GB 6000MHz 1x RAM-0096,484,57,ram,gray,Patriot,DDR3,yes
Corsair DDR3 64GB 1600MHz 4x RAM-0097,948,76,ram,black,Corsair,DDR3,no
Corsair DDR5 16GB 2133MHz 2x RAM-0098,346,45,ram,white,Corsair,DDR5,yes
Patriot DDR5 8GB 5200MHz 2x RAM-0099,451,64,ram,gray,Patriot,DDR5,no
Crucial DDR3 64GB 4000MHz 4x RAM-0100,1086,53,ram,silver,Crucial,DDR3,no
Kingston DDR3 16GB 5200MHz 2x RAM-0101,516,62,ram,gray,Kingston,DDR3,no
Corsair DDR5 32GB 5200MHz 4x RAM-0102,770,48,ram,silver,Corsair,DDR5,no
Corsair DDR3 8GB 5600MHz 4x RAM-0103,413,62,ram,white,Corsair,DDR3,yes
Patriot DDR4 16GB 3200MHz 1x RAM-0104,376,78,ram,gray,Patriot,DDR4,yes
Patriot DDR3 32GB 3200MHz 1x RAM-0105,562,85,ram,black,Patriot,DDR3,no
G.SKILL DDR3 8GB 6000MHz 4x RAM-0106,454,81,ram,white,G.SKILL,DDR3,no
G.SKILL DDR4 8GB 6400MHz 1x RAM-0107,457,81,ram,black,G.SKILL,DDR4,no
Kingston DDR4 32GB 3600MHz 1x RAM-0108,653,83,ram,gray,Kingston,DDR4,yes
Crucial DDR3 8GB 2133MHz 1x RAM-0109,161,47,ram,black,Crucial,DDR3,yes
Crucial DDR3 64GB 3200MHz 4x RAM-0110,988,74,ram,gray,Crucial,DDR3,no
Corsair DDR5 8GB 1333MHz 4x RAM-0111,321,100,ram,black,Corsair,DDR5,yes
Patriot DDR3 8GB 6400MHz 1x RAM-0112,340,66,ram,white,Patriot,DDR3,no
Corsair DDR3 32GB 4000MHz 4x RAM-0113,663,40,ram,black,Corsair,DDR3,yes
G.SKILL DDR5 64GB 6000MHz 4x RAM-0114,1080,100,ram,gray,G.SKILL,DDR5,yes
Patriot DDR3 64GB 6400MHz 4x RAM-0115,1114,85,ram,white,Patriot,DDR3,no
Kingston DDR3 32GB 3600MHz 4x RAM-0116,631,98,ram,white,Kingston,DDR3,no
Kingston DDR5 64GB 6400MHz 4x RAM-0117,1109,87,ram,black,Kingston,DDR5,no
G.SKILL DDR5 32GB 6000MHz 2x RAM-0118,675,70,ram,white,G.SKILL,DDR5,yes
Kingston DDR4 8GB 1600MHz 4x RAM-0119,234,65,ram,white,Kingston,DDR4,yes
G.SKILL DDR3 32GB 1333MHz 4x RAM-0120,582,42,ram,gray,G.SKILL,DDR3,no
Crucial DDR3 32GB 5200MHz 2x RAM-0121,685,49,ram,gray,Crucial,DDR3,no
Corsair DDR5 32GB 4000MHz 1x RAM-0122,582,54,ram,white,Corsair,DDR5,no
Corsair DDR5 16GB 3600MHz 1x RAM-0123,457,64,ram,white,Corsair,DDR5,no
Kingston DDR4 64GB 4000MHz 2x RAM-0124,1046,41,ram,silver,Kingston,DDR4,yes
Corsair DDR3 64GB 5200MHz 1x RAM-0125,1003,57,ram,silver,Corsair,DDR3,no
Crucial DDR3 16GB 1333MHz 4x RAM-0126,424,42,ram,silver,Crucial,DDR3,no
Corsair DDR4 32GB 6000MHz 2x RAM-0127,761,68,ram,gray,Corsair,DDR4,yes
Corsair DDR4 64GB 4000MHz 2x RAM-0128,932,51,ram,white,Corsair,DDR4,yes
Patriot DDR4 64GB 3200MHz 4x RAM-0129,1028,46,ram,white,Patriot,DDR4,no
Crucial DDR3 16GB 1333MHz 1x RAM-0130,365,80,ram,gray,Crucial,DDR3,no
Kingston DDR3 64GB 4000MHz 2x RAM-0131,1036,94,ram,black,Kingston,DDR3,yes
G.SKILL DDR4 8GB 1866MHz 1x RAM-0132,192,81,ram,black,G.SKILL,DDR4,no
Patriot DDR5 16GB 6000MHz 4x RAM-0133,542,73,ram,gray,Patriot,DDR5,yes
G.SKILL DDR5 64GB 1866MHz 2x RAM-0134,853,45,ram,silver,G.SKILL,DDR5,no
Patriot DDR3 16GB 3600MHz 4x RAM-0135,413,77,ram,black,Patriot,DDR3,yes
Kingston DDR4 32GB 6000MHz 4x RAM-0136,749,63,ram,white,Kingston,DDR4,yes
Kingston DDR4 16GB 1866MHz 4x RAM-0137,320,83,ram,white,Kingston,DDR4,no
G.SKILL DDR3 16GB 3600MHz 4x RAM-0138,496,41,ram,gray,G.SKILL,DDR3,no
G.SKILL DDR3 8GB 4000MHz 1x RAM-0139,271,71,ram,white,G.SKILL,DDR3,no
Crucial DDR4 16GB 1866MHz 4x RAM-0140,363,42,ram,silver,Crucial,DDR4,yes
Kingston DDR4 16GB 1866MHz 2x RAM-0141,408,80,ram,black,Kingston,DDR4,no
Corsair DDR3 16GB 1866MHz 2x RAM-0142,306,55,ram,gray,Corsair,DDR3,yes
Corsair DDR3 64GB 1866MHz 2x RAM-0143,898,74,ram,gray,Corsair,DDR3,no
Patriot DDR3 8GB 4000MHz 4x RAM-0144,364,63,ram,white,Patriot,DDR3,yes
G.SKILL DDR3 64GB 1866MHz 2x RAM-0145,935,56,ram,black,G.SKILL,DDR3,no
Kingston DDR5 32GB 4000MHz 4x RAM-0146,635,59,ram,black,Kingston,DDR5,yes
Corsair DDR3 64GB 3200MHz 1x RAM-0147,929,77,ram,white,Corsair,DDR3,no
Corsair DDR5 32GB 2133MHz 2x RAM-0148,518,91,ram,white,Corsair,DDR5,no
Kingston DDR5 16GB 4000MHz 1x RAM-0149,397,49,ram,black,Kingston,DDR5,yes
Kingston DDR5 32GB 4000MHz 2x RAM-0150,649,98,ram,silver,Kingston,DDR5,yes
Corsair DDR3 32GB 6000MHz 4x RAM-0151,716,70,ram,black,Corsair,DDR3,yes
Crucial DDR4 32GB 2133MHz 2x RAM-0152,469,43,ram,silver,Crucial,DDR4,no
Corsair DDR4 8GB 1600MHz 1x RAM-0153,289,87,ram,gray,Corsair,DDR4,yes
Patriot DDR4 8GB 5600MHz 2x RAM-0154,348,45,ram,white,Patriot,DDR4,no
Patriot DDR3 64GB 5600MHz 1x RAM-0155,983,44,ram,gray,Patriot,DDR3,yes
G.SKILL DDR4 8GB 4000MHz 1x RAM-0156,263,90,ram,black,G.SKILL,DDR4,yes
G.SKILL DDR3 64GB 3600MHz 4x RAM-0157,1050,49,ram,white,G.SKILL,DDR3,no
G.SKILL DDR4 16GB 2133MHz 4x RAM-0158,333,87,ram,black,G.SKILL,DDR4,no
Crucial DDR4 8GB 5600MHz 2x RAM-0159,459,96,ram,silver,Crucial,DDR4,no
Patriot DDR5 16GB 6400MHz 4x RAM-0160,518,69,ram,white,Patriot,DDR5,yes
Patriot DDR3 64GB 2133MHz 2x RAM-0161,886,49,ram,gray,Patriot,DDR3,no
G.SKILL DDR3 16GB 6400MHz 4x RAM-0162,552,44,ram,silver,G.SKILL,DDR3,no
Kingston DDR4 16GB 1600MHz 1x RAM-0163,265,61,ram,white,Kingston,DDR4,no
Patriot DDR4 8GB 6400MHz 1x RAM-0164,404,71,ram,silver,Patriot,DDR4,yes
Patriot DDR3 16GB 4000MHz 1x RAM-0165,444,83,ram,black,Patriot,DDR3,yes
Kingston DDR3 32GB 3200MHz 4x RAM-0166,655,68,ram,silver,Kingston,DDR3,yes
Crucial DDR4 64GB 4000MHz 1x RAM-0167,1068,85,ram,silver,Crucial,DDR4,yes
Kingston DDR5 64GB 2133MHz 1x RAM-0168,971,49,ram,gray,Kingston,DDR5,no
Patriot DDR5 32GB 4000MHz 1x RAM-0169,672,68,ram,gray,Patriot,DDR5,yes
Patriot DDR3 32GB 6000MHz 4x RAM-0170,719,80,ram,black,Patriot,DDR3,no
Corsair DDR3 16GB 2133MHz 2x RAM-0171,428,87,ram,silver,Corsair,DDR3,yes
Patriot DDR5 32GB 2133MHz 2x RAM-0172,583,87,ram,silver,Patriot,DDR5,yes
G.SKILL DDR3 8GB 3600MHz 4x RAM-0173,410,43,ram,gray,G.SKILL,DDR3,yes
G.SKILL DDR3 64GB 6400MHz 2x RAM-0174,1117,79,ram,silver,G.SKILL,DDR3,no
G.SKILL DDR3 32GB 1333MHz 4x RAM-0175,561,98,ram,gray,G.SKILL,DDR3,no
G.SKILL DDR3 16GB 3200MHz 1x RAM-0176,454,92,ram,black,G.SKILL,DDR3,no
G.SKILL DDR4 64GB 3600MHz 1x RAM-0177,927,68,ram,silver,G.SKILL,DDR4,no
G.SKILL DDR3 8GB 4000MHz 4x RAM-0178,379,100,ram,black,G.SKILL,DDR3,yes
Corsair DDR5 64GB 4000MHz 4x RAM-0179,989,97,ram,white,Corsair,DDR5,yes
Crucial DDR5 32GB 1600MHz 1x RAM-0180,568,91,ram,white,Crucial,DDR5,yes
G.SKILL DDR5 16GB 2133MHz 4x RAM-0181,464,86,ram,silver,G.SKILL,DDR5,yes
Crucial DDR4 32GB 6000MHz 4x RAM-0182,777,62,ram,silver,Crucial,DDR4,yes
Kingston DDR5 32GB 2133MHz 4x RAM-0183,608,66,ram,black,Kingston,DDR5,no
Corsair DDR3 8GB 5600MHz 1x RAM-0184,365,52,ram,white,Corsair,DDR3,no
G.SKILL DDR5 8GB 1333MHz 2x RAM-0185,274,96,ram,gray,G.SKILL,DDR5,yes
Kingston DDR3 32GB 4000MHz 1x RAM-0186,664,77,ram,silver,Kingston,DDR3,yes
Kingston DDR5 16GB 1333MHz 1x RAM-0187,258,97,ram,gray,Kingston,DDR5,yes
Crucial DDR5 16GB 5600MHz 1x RAM-0188,521,53,ram,gray,Crucial,DDR5,no
Patriot DDR4 64GB 6400MHz 1x RAM-0189,1010,83,ram,silver,Patriot,DDR4,no
G.SKILL DDR5 64GB 6000MHz 1x RAM-0190,1119,84,ram,silver,G.SKILL,DDR5,no
Kingston DDR5 8GB 5200MHz 2x RAM-0191,319,74,ram,silver,Kingston,DDR5,no
Kingston DDR3 32GB 6000MHz 1x RAM-0192,615,54,ram,white,Kingston,DDR3,yes
Kingston DDR4 32GB 4000MHz 4x RAM-0193,726,88,ram,silver,Kingston,DDR4,no
Kingston DDR5 8GB 4000MHz 1x RAM-0194,292,56,ram,black,Kingston,DDR5,no
G.SKILL DDR4 64GB 1866MHz 4x RAM-0195,945,97,ram,gray,G.SKILL,DDR4,no
G.SKILL DDR4 32GB 3600MHz 4x RAM-0196,724,98,ram,black,G.SKILL,DDR4,yes
Corsair DDR3 16GB 6000MHz 2x RAM-0197,441,72,ram,white,Corsair,DDR3,no
G.SKILL DDR4 16GB 1333MHz 1x RAM-0198,303,73,ram,silver,G.SKILL,DDR4,no
Kingston DDR5 16GB 5600MHz 4x RAM-0199,569,88,ram,white,Kingston,DDR5,no
Corsair DDR3 16GB 2133MHz 2x RAM-0200,404,68,ram,gray,Corsair,DDR3,no
Patriot DDR4 32GB 1866MHz 4x RAM-0201,589,42,ram,silver,Patriot,DDR4,no
G.SKILL DDR3 64GB 1600MHz 1x RAM-0202,870,61,ram,gray,G.SKILL,DDR3,no
Kingston DDR5 8GB 5600MHz 4x RAM-0203,412,46,ram,silver,Kingston,DDR5,yes
Kingston DDR5 8GB 5200MHz 1x RAM-0204,345,86,ram,gray,Kingston,DDR5,no
Corsair DDR5 64GB 3200MHz 4x RAM-0205,1087,56,ram,white,Corsair,DDR5,no
Crucial DDR5 64GB 3200MHz 2x RAM-0206,942,48,ram,black,Crucial,DDR5,no
Patriot DDR4 32GB 1866MHz 1x RAM-0207,488,52,ram,gray,Patriot,DDR4,no
Crucial DDR3 32GB 3200MHz 1x RAM-0208,631,93,ram,white,Crucial,DDR3,yes
Crucial DDR4 8GB 4000MHz 2x RAM-0209,324,78,ram,white,Crucial,DDR4,no
G.SKILL DDR5 32GB 6000MHz 2x RAM-0210,670,61,ram,black,G.SKILL,DDR5,no
Crucial DDR3 64GB 3200MHz 4x RAM-0211,962,50,ram,silver,Crucial,DDR3,yes
Crucial DDR3 16GB 1600MHz 4x RAM-0212,448,68,ram,black,Crucial,DDR3,no
Corsair DDR5 32GB 4000MHz 2x RAM-0213,658,79,ram,silver,Corsair,DDR5,yes
Kingston DDR5 64GB 6000MHz 1x RAM-0214,1141,60,ram,white,Kingston,DDR5,yes
Patriot DDR3 8GB 4000MHz 1x RAM-0215,322,68,ram,black,Patriot,DDR3,yes
Kingston DDR5 16GB 5600MHz 1x RAM-0216,473,40,ram,gray,Kingston,DDR5,no
Corsair DDR3 64GB 3600MHz 2x RAM-0217,1050,60,ram,white,Corsair,DDR3,yes
Corsair DDR3 32GB 1600MHz 4x RAM-0218,516,45,ram,black,Corsair,DDR3,no
Patriot DDR5 64GB 2133MHz 2x RAM-0219,951,78,ram,gray,Patriot,DDR5,yes
Kingston DDR5 8GB 5200MHz 1x RAM-0220,338,56,ram,silver,Kingston,DDR5,no
Crucial DDR3 8GB 1866MHz 1x RAM-0221,279,43,ram,gray,Crucial,DDR3,no
G.SKILL DDR5 8GB 3200MHz 1x RAM-0222,259,68,ram,black,G.SKILL,DDR5,no
Kingston DDR5 32GB 3200MHz 4x RAM-0223,624,61,ram,black,Kingston,DDR5,no
Kingston DDR4 8GB 5600MHz 1x RAM-0224,378,42,ram,black,Kingston,DDR4,yes
Kingston DDR5 64GB 1866MHz 4x RAM-0225,953,96,ram,gray,Kingston,DDR5,yes
Crucial DDR3 64GB 1333MHz 2x RAM-0226,908,83,ram,silver,Crucial,DDR3,yes
Patriot DDR4 8GB 1600MHz 4x RAM-0227,254,91,ram,gray,Patriot,DDR4,no
Crucial DDR5 64GB 4000MHz 1x RAM-0228,1039,46,ram,black,Crucial,DDR5,yes
G.SKILL DDR4 64GB 5200MHz 4x RAM-0229,1110,50,ram,white,G.SKILL,DDR4,no
Corsair DDR3 16GB 5200MHz 2x RAM-0230,457,53,ram,white,Corsair,DDR3,no
Corsair DDR3 8GB 6400MHz 2x RAM-0231,491,97,ram,gray,Corsair,DDR3,yes
Corsair DDR4 8GB 6400MHz 1x RAM-0232,417,98,ram,silver,Corsair,DDR4,no
Kingston DDR4 32GB 6400MHz 1x RAM-0233,778,81,ram,black,Kingston,DDR4,yes
Patriot DDR3 16GB 1866MHz 4x RAM-0234,424,54,ram,gray,Patriot,DDR3,no
Crucial DDR5 16GB 5600MHz 1x RAM-0235,502,85,ram,white,Crucial,DDR5,yes
Corsair DDR4 8GB 4000MHz 1x RAM-0236,337,54,ram,white,Corsair,DDR4,yes
Corsair DDR4 32GB 5600MHz 2x RAM-0237,751,79,ram,silver,Corsair,DDR4,no
Patriot DDR3 16GB 6400MHz 4x RAM-0238,610,91,ram,black,Patriot,DDR3,no
G.SKILL DDR3 16GB 3200MHz 1x RAM-0239,336,79,ram,black,G.SKILL,DDR3,no
Kingston DDR3 64GB 5600MHz 2x RAM-0240,1127,45,ram,silver,Kingston,DDR3,yes
G.SKILL DDR4 64GB 6400MHz 1x RAM-0241,1146,80,ram,white,G.SKILL,DDR4,no
G.SKILL DDR5 8GB 2133MHz 1x RAM-0242,231,74,ram,silver,G.SKILL,DDR5,yes
G.SKILL DDR4 32GB 3600MHz 4x RAM-0243,579,55,ram,black,G.SKILL,DDR4,no
Kingston DDR4 8GB 3200MHz 4x RAM-0244,340,55,ram,gray,Kingston,DDR4,yes
Kingston DDR5 32GB 3200MHz 4x RAM-0245,676,79,ram,silver,Kingston,DDR5,yes
Corsair DDR4 64GB 4000MHz 4x RAM-0246,1045,82,ram,black,Corsair,DDR4,no
G.SKILL DDR4 64GB 3600MHz 2x RAM-0247,999,97,ram,white,G.SKILL,DDR4,no
Patriot DDR5 8GB 2133MHz 2x RAM-0248,333,54,ram,silver,Patriot,DDR5,no
Crucial DDR5 32GB 1600MHz 1x RAM-0249,565,68,ram,white,Crucial,DDR5,no
Crucial DDR3 16GB 2133MHz 4x RAM-0250,460,74,ram,silver,Crucial,DDR3,yes
Corsair DDR4 8GB 3600MHz 2x RAM-0251,336,71,ram,black,Corsair,DDR4,no
G.SKILL DDR4 64GB 6000MHz 4x RAM-0252,1175,89,ram,gray,G.SKILL,DDR4,no
Kingston DDR3 8GB 5600MHz 1x RAM-0253,453,57,ram,black,Kingston,DDR3,yes
Kingston DDR5 8GB 1866MHz 2x RAM-0254,290,93,ram,white,Kingston,DDR5,yes
Crucial DDR3 64GB 1866MHz 1x RAM-0255,938,87,ram,black,Crucial,DDR3,no
Patriot DDR4 64GB 4000MHz 4x RAM-0256,1003,72,ram,black,Patriot,DDR4,yes
Crucial DDR5 8GB 1333MHz 1x RAM-0257,135,48,ram,gray,Crucial,DDR5,yes
Patriot DDR3 16GB 1333MHz 1x RAM-0258,319,60,ram,white,Patriot,DDR3,yes
Crucial DDR5 16GB 3600MHz 4x RAM-0259,408,76,ram,silver,Crucial,DDR5,no
Kingston DDR3 8GB 4000MHz 1x RAM-0260,294,91,ram,black,Kingston,DDR3,yes
Crucial DDR3 16GB 1333MHz 1x RAM-0261,325,93,ram,silver,Crucial,DDR3,yes
Crucial DDR5 8GB 5200MHz 1x RAM-0262,363,47,ram,gray,Crucial,DDR5,no
Corsair DDR4 16GB 5200MHz 2x RAM-0263,532,73,ram,silver,Corsair,DDR4,yes
Kingston DDR5 64GB 4000MHz 4x RAM-0264,1079,84,ram,gray,Kingston,DDR5,yes
Crucial DDR3 16GB 1333MHz 4x RAM-0265,412,77,ram,silver,Crucial,DDR3,yes
Crucial DDR4 32GB 1866MHz 1x RAM-0266,466,47,ram,black,Crucial,DDR4,yes
Patriot DDR4 64GB 5200MHz 2x RAM-0267,995,81,ram,white,Patriot,DDR4,no
Kingston DDR3 64GB 3200MHz 1x RAM-0268,969,71,ram,white,Kingston,DDR3,no
Crucial DDR5 32GB 6400MHz 4x RAM-0269,831,66,ram,black,Crucial,DDR5,yes
Corsair DDR3 16GB 5600MHz 2x RAM-0270,432,54,ram,white,Corsair,DDR3,no
Patriot DDR5 8GB 1600MHz 1x RAM-0271,184,99,ram,silver,Patriot,DDR5,no
Crucial DDR4 64GB 6400MHz 1x RAM-0272,1104,79,ram,gray,Crucial,DDR4,no
G.SKILL DDR5 32GB 4000MHz 2x RAM-0273,656,92,ram,black,G.SKILL,DDR5,no
Corsair DDR4 32GB 3600MHz 4x RAM-0274,655,91,ram,silver,Corsair,DDR4,no
Crucial DDR5 16GB 1600MHz 1x RAM-0275,286,78,ram,silver,Crucial,DDR5,yes
Patriot DDR4 8GB 6000MHz 1x RAM-0276,459,56,ram,silver,Patriot,DDR4,yes
Crucial DDR3 16GB 1600MHz 2x RAM-0277,331,97,ram,silver,Crucial,DDR3,no
G.SKILL DDR4 64GB 1600MHz 2x RAM-0278,844,80,ram,silver,G.SKILL,DDR4,yes
Corsair DDR4 64GB 6400MHz 4x RAM-0279,1067,41,ram,gray,Corsair,DDR4,no
Kingston DDR4 32GB 4000MHz 1x RAM-0280,529,100,ram,black,Kingston,DDR4,no
Patriot DDR4 16GB 5200MHz 2x RAM-0281,546,94,ram,black,Patriot,DDR4,yes
Corsair DDR5 64GB 1333MHz 1x RAM-0282,927,89,ram,gray,Corsair,DDR5,no
G.SKILL DDR3 16GB 6400MHz 1x RAM-0283,533,92,ram,gray,G.SKILL,DDR3,yes
G.SKILL DDR3 8GB 1866MHz 1x RAM-0284,269,81,ram,black,G.SKILL,DDR3,no
Patriot DDR5 64GB 1600MHz 2x RAM-0285,861,77,ram,gray,Patriot,DDR5,yes
Corsair DDR3 64GB 5200MHz 2x RAM-0286,1079,76,ram,white,Corsair,DDR3,yes
Crucial DDR4 64GB 5200MHz 1x RAM-0287,1043,98,ram,gray,Crucial,DDR4,yes
Patriot DDR3 64GB 5600MHz 2x RAM-0288,1122,51,ram,silver,Patriot,DDR3,yes
G.SKILL DDR4 32GB 1600MHz 2x RAM-0289,464,44,ram,gray,G.SKILL,DDR4,no
Kingston DDR5 16GB 5200MHz 4x RAM-0290,566,86,ram,black,Kingston,DDR5,no
Corsair DDR3 16GB 3600MHz 1x RAM-0291,336,50,ram,white,Corsair,DDR3,yes
G.SKILL DDR4 32GB 1866MHz 2x RAM-0292,601,72,ram,gray,G.SKILL,DDR4,yes
Corsair DDR3 16GB 6400MHz 2x RAM-0293,537,83,ram,white,Corsair,DDR3,no
Corsair DDR3 64GB 6000MHz 1x RAM-0294,1014,77,ram,silver,Corsair,DDR3,yes
G.SKILL DDR5 64GB 6000MHz 2x RAM-0295,1163,62,ram,black,G.SKILL,DDR5,yes
Kingston DDR5 8GB 5200MHz 4x RAM-0296,411,77,ram,white,Kingston,DDR5,yes
G.SKILL DDR5 8GB 1866MHz 2x RAM-0297,263,76,ram,silver,G.SKILL,DDR5,yes
Crucial DDR5 8GB 2133MHz 4x RAM-0298,280,96,ram,gray,Crucial,DDR5,no
G.SKILL DDR5 16GB 2133MHz 1x RAM-0299,335,89,ram,silver,G.SKILL,DDR5,yes
G.SKILL DDR5 16GB 6000MHz 2x RAM-0300,475,86,ram,silver,G.SKILL,DDR5,no
Corsair DDR4 16GB 5200MHz 1x RAM-0301,472,94,ram,silver,Corsair,DDR4,yes
G.SKILL DDR3 64GB 6400MHz 2x RAM-0302,1061,99,ram,white,G.SKILL,DDR3,yes
Corsair DDR3 64GB 1866MHz 4x RAM-0303,917,63,ram,black,Corsair,DDR3,yes
Crucial DDR4 8GB 3600MHz 1x RAM-0304,288,83,ram,white,Crucial,DDR4,yes
G.SKILL DDR5 8GB 6000MHz 1x RAM-0305,349,71,ram,white,G.SKILL,DDR5,no
Corsair DDR3 32GB 1866MHz 2x RAM-0306,603,92,ram,silver,Corsair,DDR3,no
Corsair DDR5 8GB 5600MHz 1x RAM-0307,315,96,ram,silver,Corsair,DDR5,yes
Kingston DDR5 32GB 6400MHz 4x RAM-0308,754,87,ram,silver,Kingston,DDR5,no
G.SKILL DDR4 8GB 6000MHz 2x RAM-0309,363,45,ram,silver,G.SKILL,DDR4,yes
Crucial DDR3 32GB 4000MHz 1x RAM-0310,647,88,ram,gray,Crucial,DDR3,no
G.SKILL DDR5 32GB 6400MHz 2x RAM-0311,753,83,ram,gray,G.SKILL,DDR5,yes
Patriot DDR3 16GB 6400MHz 1x RAM-0312,472,68,ram,black,Patriot,DDR3,no
Crucial DDR5 8GB 1866MHz 2x RAM-0313,207,100,ram,gray,Crucial,DDR5,yes
Crucial DDR4 16GB 3200MHz 4x RAM-0314,493,71,ram,silver,Crucial,DDR4,yes
Kingston DDR5 32GB 1333MHz 2x RAM-0315,538,94,ram,silver,Kingston,DDR5,no
G.SKILL DDR5 64GB 6400MHz 4x RAM-0316,1114,88,ram,silver,G.SKILL,DDR5,yes
G.SKILL DDR5 8GB 3200MHz 4x RAM-0317,392,66,ram,white,G.SKILL,DDR5,yes
Kingston DDR5 8GB 1600MHz 2x RAM-0318,277,64,ram,silver,Kingston,DDR5,yes
Patriot DDR4 16GB 4000MHz 2x RAM-0319,371,53,ram,silver,Patriot,DDR4,yes
Patriot DDR4 64GB 2133MHz 1x RAM-0320,913,80,ram,black,Patriot,DDR4,no
Corsair DDR5 16GB 4000MHz 4x RAM-0321,461,91,ram,black,Corsair,DDR5,no
Kingston DDR5 8GB 1600MHz 1x RAM-0322,297,52,ram,white,Kingston,DDR5,yes
Kingston DDR4 32GB 2133MHz 2x RAM-0323,477,98,ram,silver,Kingston,DDR4,yes
Corsair DDR4 32GB 2133MHz 4x RAM-0324,513,57,ram,silver,Corsair,DDR4,no
Corsair DDR4 8GB 3200MHz 2x RAM-0325,339,85,ram,silver,Corsair,DDR4,yes
Crucial DDR3 64GB 1333MHz 4x RAM-0326,969,66,ram,black,Crucial,DDR3,no
Kingston DDR4 16GB 5600MHz 2x RAM-0327,444,90,ram,black,Kingston,DDR4,no
Patriot DDR5 64GB 4000MHz 1x RAM-0328,1050,49,ram,gray,Patriot,DDR5,yes
Crucial DDR4 16GB 5600MHz 1x RAM-0329,457,60,ram,black,Crucial,DDR4,yes
G.SKILL DDR3 8GB 2133MHz 1x RAM-0330,199,64,ram,black,G.SKILL,DDR3,no
Patriot DDR4 32GB 5600MHz 1x RAM-0331,646,64,ram,black,Patriot,DDR4,no
G.SKILL DDR4 8GB 2133MHz 4x RAM-0332,221,91,ram,black,G.SKILL,DDR4,yes
Kingston DDR3 32GB 5200MHz 2x RAM-0333,607,85,ram,gray,Kingston,DDR3,yes
Crucial DDR4 64GB 5600MHz 1x RAM-0334,1052,53,ram,gray,Crucial,DDR4,no
Kingston DDR4 64GB 1600MHz 2x RAM-0335,881,53,ram,black,Kingston,DDR4,yes
Patriot DDR3 8GB 5600MHz 2x RAM-0336,449,82,ram,gray,Patriot,DDR3,yes
Patriot DDR4 16GB 1333MHz 1x RAM-0337,304,94,ram,black,Patriot,DDR4,no
Corsair DDR5 64GB 4000MHz 4x RAM-0338,1063,80,ram,silver,Corsair,DDR5,yes
G.SKILL DDR3 32GB 4000MHz 1x RAM-0339,583,83,ram,gray,G.SKILL,DDR3,yes
Corsair DDR5 8GB 6400MHz 1x RAM-0340,389,86,ram,silver,Corsair,DDR5,yes
Patriot DDR3 8GB 6000MHz 2x RAM-0341,437,47,ram,silver,Patriot,DDR3,yes
G.SKILL DDR4 32GB 4000MHz 4x RAM-0342,607,81,ram,black,G.SKILL,DDR4,no
Patriot DDR3 64GB 5600MHz 4x RAM-0343,1141,85,ram,black,Patriot,DDR3,no
G.SKILL DDR3 8GB 1600MHz 4x RAM-0344,210,86,ram,white,G.SKILL,DDR3,yes
Crucial DDR3 8GB 2133MHz 4x RAM-0345,323,83,ram,gray,Crucial,DDR3,no
Corsair DDR4 32GB 1600MHz 4x RAM-0346,606,65,ram,black,Corsair,DDR4,yes
Crucial DDR3 8GB 3600MHz 4x RAM-0347,329,52,ram,gray,Crucial,DDR3,no
Crucial DDR5 16GB 1333MHz 4x RAM-0348,339,65,ram,black,Crucial,DDR5,yes
Kingston DDR5 32GB 1866MHz 2x RAM-0349,469,45,ram,white,Kingston,DDR5,no
Corsair DDR5 16GB 4000MHz 4x RAM-0350,440,69,ram,black,Corsair,DDR5,no
G.SKILL DDR3 8GB 3200MHz 4x RAM-0351,390,41,ram,white,G.SKILL,DDR3,yes
Kingston DDR3 8GB 4000MHz 2x RAM-0352,293,56,ram,white,Kingston,DDR3,yes
Kingston DDR3 8GB 3200MHz 1x RAM-0353,320,84,ram,white,Kingston,DDR3,yes
Crucial DDR3 64GB 1333MHz 1x RAM-0354,905,73,ram,gray,Crucial,DDR3,no
G.SKILL DDR4 8GB 6000MHz 4x RAM-0355,495,57,ram,gray,G.SKILL,DDR4,no
Corsair DDR3 32GB 2133MHz 2x RAM-0356,580,45,ram,white,Corsair,DDR3,no
Corsair DDR3 64GB 5600MHz 2x RAM-0357,1060,46,ram,white,Corsair,DDR3,no
Patriot DDR3 16GB 3600MHz 4x RAM-0358,499,49,ram,black,Patriot,DDR3,no
Crucial DDR4 16GB 1333MHz 1x RAM-0359,230,68,ram,white,Crucial,DDR4,no
Kingston DDR3 8GB 3600MHz 2x RAM-0360,392,75,ram,silver,Kingston,DDR3,no
G.SKILL DDR3 32GB 6400MHz 4x RAM-0361,734,52,ram,black,G.SKILL,DDR3,no
G.SKILL DDR5 8GB 6000MHz 2x RAM-0362,402,78,ram,white,G.SKILL,DDR5,no
Kingston DDR4 64GB 1333MHz 4x RAM-0363,1005,66,ram,white,Kingston,DDR4,yes
G.SKILL DDR4 64GB 5200MHz 2x RAM-0364,1008,69,ram,silver,G.SKILL,DDR4,yes
Crucial DDR3 16GB 2133MHz 2x RAM-0365,345,57,ram,gray,Crucial,DDR3,yes
Corsair DDR4 32GB 4000MHz 2x RAM-0366,594,71,ram,white,Corsair,DDR4,yes
Crucial DDR3 16GB 1600MHz 4x RAM-0367,425,55,ram,gray,Crucial,DDR3,yes
Crucial DDR4 32GB 2133MHz 4x RAM-0368,641,83,ram,silver,Crucial,DDR4,no
Crucial DDR3 64GB 5200MHz 2x RAM-0369,1109,68,ram,gray,Crucial,DDR3,no
Patriot DDR3 16GB 6400MHz 1x RAM-0370,530,79,ram,white,Patriot,DDR3,yes
G.SKILL DDR4 32GB 2133MHz 4x RAM-0371,539,76,ram,white,G.SKILL,DDR4,yes
Patriot DDR4 32GB 1600MHz 4x RAM-0372,498,77,ram,silver,Patriot,DDR4,no
Corsair DDR5 16GB 6000MHz 2x RAM-0373,548,63,ram,gray,Corsair,DDR5,yes
Crucial DDR3 16GB 3600MHz 4x RAM-0374,464,50,ram,silver,Crucial,DDR3,no
Corsair DDR3 8GB 6400MHz 2x RAM-0375,462,75,ram,silver,Corsair,DDR3,yes
Patriot DDR4 64GB 2133MHz 4x RAM-0376,897,96,ram,silver,Patriot,DDR4,no
Corsair DDR4 8GB 3200MHz 4x RAM-0377,335,47,ram,silver,Corsair,DDR4,yes
Crucial DDR5 8GB 1333MHz 1x RAM-0378,143,89,ram,gray,Crucial,DDR5,no
Corsair DDR5 8GB 5200MHz 4x RAM-0379,450,43,ram,white,Corsair,DDR5,no
G.SKILL DDR3 64GB 5600MHz 4x RAM-0380,1061,43,ram,black,G.SKILL,DDR3,yes
Patriot DDR4 16GB 1600MHz 4x RAM-0381,428,91,ram,white,Patriot,DDR4,no
Crucial DDR3 64GB 4000MHz 2x RAM-0382,1082,84,ram,silver,Crucial,DDR3,yes
Patriot DDR5 64GB 1333MHz 4x RAM-0383,861,87,ram,black,Patriot,DDR5,yes
G.SKILL DDR5 16GB 1866MHz 2x RAM-0384,306,55,ram,white,G.SKILL,DDR5,yes
G.SKILL DDR5 16GB 1333MHz 4x RAM-0385,388,70,ram,black,G.SKILL,DDR5,yes
G.SKILL DDR4 16GB 1600MHz 1x RAM-0386,348,99,ram,white,G.SKILL,DDR4,yes
Corsair DDR5 16GB 5600MHz 2x RAM-0387,520,54,ram,silver,Corsair,DDR5,no
Corsair DDR3 8GB 5600MHz 2x RAM-0388,446,90,ram,silver,Corsair,DDR3,yes
Crucial DDR3 32GB 3200MHz 2x RAM-0389,607,97,ram,white,Crucial,DDR3,no
G.SKILL DDR4 8GB 6000MHz 1x RAM-0390,319,70,ram,black,G.SKILL,DDR4,no
Kingston DDR3 32GB 5200MHz 4x RAM-0391,731,77,ram,gray,Kingston,DDR3,yes
G.SKILL DDR3 64GB 3600MHz 2x RAM-0392,921,55,ram,black,G.SKILL,DDR3,yes
Corsair DDR5 64GB 1866MHz 1x RAM-0393,979,52,ram,gray,Corsair,DDR5,yes
Patriot DDR4 16GB 6400MHz 1x RAM-0394,465,68,ram,silver,Patriot,DDR4,yes
Kingston DDR3 8GB 2133MHz 1x RAM-0395,257,61,ram,silver,Kingston,DDR3,no
Corsair DDR3 16GB 1333MHz 2x RAM-0396,373,75,ram,gray,Corsair,DDR3,yes
Corsair DDR5 8GB 3200MHz 4x RAM-0397,390,66,ram,white,Corsair,DDR5,yes
Crucial DDR4 64GB 5200MHz 2x RAM-0398,1066,92,ram,silver,Crucial,DDR4,yes
Patriot DDR4 16GB 6000MHz 2x RAM-0399,488,95,ram,white,Patriot,DDR4,no
Kingston DDR3 32GB 3600MHz 2x RAM-0400,574,87,ram,white,Kingston,DDR3,no
G.SKILL DDR4 64GB 5200MHz 1x RAM-0401,1116,58,ram,silver,G.SKILL,DDR4,yes
Crucial DDR5 32GB 6000MHz 4x RAM-0402,692,87,ram,white,Crucial,DDR5,yes
G.SKILL DDR3 32GB 1333MHz 4x RAM-0403,599,97,ram,silver,G.SKILL,DDR3,yes
Corsair DDR5 16GB 6000MHz 2x RAM-0404,437,40,ram,black,Corsair,DDR5,yes
Crucial DDR3 64GB 1866MHz 2x RAM-0405,851,62,ram,white,Crucial,DDR3,yes
Crucial DDR4 32GB 6400MHz 4x RAM-0406,766,59,ram,black,Crucial,DDR4,yes
G.SKILL DDR3 32GB 1333MHz 4x RAM-0407,494,55,ram,white,G.SKILL,DDR3,yes
Crucial DDR4 16GB 3200MHz 2x RAM-0408,474,85,ram,silver,Crucial,DDR4,no
G.SKILL DDR5 64GB 6000MHz 4x RAM-0409,1084,41,ram,white,G.SKILL,DDR5,no
Corsair DDR4 64GB 1600MHz 4x RAM-0410,943,99,ram,silver,Corsair,DDR4,no
Corsair DDR4 16GB 5600MHz 2x RAM-0411,430,100,ram,gray,Corsair,DDR4,yes
Crucial DDR3 32GB 2133MHz 2x RAM-0412,589,70,ram,white,Crucial,DDR3,yes
G.SKILL DDR4 64GB 2133MHz 4x RAM-0413,1016,75,ram,gray,G.SKILL,DDR4,no
Corsair DDR3 16GB 3600MHz 4x RAM-0414,418,85,ram,white,Corsair,DDR3,no
Kingston DDR3 64GB 6400MHz 1x RAM-0415,1028,65,ram,black,Kingston,DDR3,no
Crucial DDR4 64GB 3600MHz 4x RAM-0416,952,53,ram,gray,Crucial,DDR4,no
Kingston DDR4 32GB 1866MHz 4x RAM-0417,622,65,ram,black,Kingston,DDR4,yes
Patriot DDR5 64GB 3200MHz 1x RAM-0418,996,97,ram,gray,Patriot,DDR5,yes
Kingston DDR4 64GB 6400MHz 2x RAM-0419,1121,70,ram,black,Kingston,DDR4,yes
Patriot DDR4 16GB 6400MHz 2x RAM-0420,547,87,ram,white,Patriot,DDR4,no
Crucial DDR3 8GB 4000MHz 1x RAM-0421,371,44,ram,black,Crucial,DDR3,yes
Kingston DDR4 8GB 1600MHz 2x RAM-0422,285,65,ram,silver,Kingston,DDR4,yes
Patriot DDR5 64GB 4000MHz 1x RAM-0423,1035,79,ram,silver,Patriot,DDR5,yes
Crucial DDR3 32GB 2133MHz 2x RAM-0424,616,82,ram,white,Crucial,DDR3,yes
G.SKILL DDR5 32GB 5600MHz 4x RAM-0425,794,99,ram,silver,G.SKILL,DDR5,yes
Crucial DDR4 64GB 6000MHz 2x RAM-0426,1074,47,ram,silver,Crucial,DDR4,yes
Crucial DDR4 8GB 4000MHz 2x RAM-0427,371,66,ram,white,Crucial,DDR4,yes
G.SKILL DDR3 32GB 3600MHz 1x RAM-0428,525,82,ram,gray,G.SKILL,DDR3,no
Corsair DDR4 8GB 1866MHz 1x RAM-0429,248,85,ram,silver,Corsair,DDR4,no
Crucial DDR3 16GB 3200MHz 2x RAM-0430,422,69,ram,silver,Crucial,DDR3,yes
G.SKILL DDR3 64GB 3600MHz 2x RAM-0431,1008,98,ram,silver,G.SKILL,DDR3,yes
Crucial DDR5 32GB 6400MHz 4x RAM-0432,776,66,ram,gray,Crucial,DDR5,yes
Patriot DDR4 16GB 5200MHz 2x RAM-0433,549,54,ram,black,Patriot,DDR4,yes
Kingston DDR4 32GB 2133MHz 4x RAM-0434,623,62,ram,white,Kingston,DDR4,yes
Crucial DDR5 64GB 1333MHz 2x RAM-0435,917,49,ram,gray,Crucial,DDR5,yes
G.SKILL DDR4 32GB 6000MHz 4x RAM-0436,671,74,ram,white,G.SKILL,DDR4,no
Kingston DDR3 16GB 3200MHz 1x RAM-0437,312,88,ram,silver,Kingston,DDR3,no
Corsair DDR4 64GB 1600MHz 2x RAM-0438,987,45,ram,white,Corsair,DDR4,yes
Crucial DDR4 32GB 1600MHz 4x RAM-0439,534,50,ram,gray,Crucial,DDR4,no
Patriot DDR3 8GB 3600MHz 2x RAM-0440,372,63,ram,white,Patriot,DDR3,yes
Corsair DDR4 32GB 4000MHz 1x RAM-0441,593,63,ram,silver,Corsair,DDR4,no
G.SKILL DDR3 8GB 6400MHz 2x RAM-0442,365,86,ram,black,G.SKILL,DDR3,yes
G.SKILL DDR5 32GB 5600MHz 2x RAM-0443,640,81,ram,silver,G.SKILL,DDR5,no
Crucial DDR3 64GB 3200MHz 2x RAM-0444,942,69,ram,white,Crucial,DDR3,yes
G.SKILL DDR5 64GB 6400MHz 1x RAM-0445,1026,52,ram,silver,G.SKILL,DDR5,no
Crucial DDR4 32GB 3200MHz 1x RAM-0446,556,42,ram,black,Crucial,DDR4,yes
Kingston DDR4 64GB 1333MHz 1x RAM-0447,946,65,ram,black,Kingston,DDR4,no
Kingston DDR4 32GB 1333MHz 1x RAM-0448,471,52,ram,silver,Kingston,DDR4,yes
Crucial DDR4 64GB 1333MHz 2x RAM-0449,844,77,ram,white,Crucial,DDR4,no
Crucial DDR5 32GB 1333MHz 2x RAM-0450,465,98,ram,black,Crucial,DDR5,yes
G.SKILL DDR5 16GB 6400MHz 1x RAM-0451,526,65,ram,gray,G.SKILL,DDR5,yes
Corsair DDR4 8GB 1866MHz 1x RAM-0452,307,61,ram,silver,Corsair,DDR4,yes
Patriot DDR3 64GB 1600MHz 1x RAM-0453,956,65,ram,gray,Patriot,DDR3,no
Kingston DDR4 8GB 6400MHz 1x RAM-0454,393,74,ram,black,Kingston,DDR4,yes
Kingston DDR4 8GB 3200MHz 2x RAM-0455,300,92,ram,silver,Kingston,DDR4,no
G.SKILL DDR4 64GB 3200MHz 4x RAM-0456,941,41,ram,gray,G.SKILL,DDR4,no
Kingston DDR4 16GB 5600MHz 4x RAM-0457,600,79,ram,silver,Kingston,DDR4,yes
Crucial DDR5 64GB 1866MHz 1x RAM-0458,971,63,ram,gray,Crucial,DDR5,no
G.SKILL DDR4 32GB 1333MHz 2x RAM-0459,454,58,ram,silver,G.SKILL,DDR4,yes
Kingston DDR5 64GB 6400MHz 4x RAM-0460,1201,47,ram,black,Kingston,DDR5,no
Corsair DDR4 16GB 1333MHz 2x RAM-0461,250,80,ram,white,Corsair,DDR4,no
Patriot DDR5 16GB 3200MHz 1x RAM-0462,390,97,ram,white,Patriot,DDR5,yes
G.SKILL DDR5 16GB 2133MHz 1x RAM-0463,258,65,ram,silver,G.SKILL,DDR5,no
G.SKILL DDR5 8GB 6400MHz 1x RAM-0464,469,86,ram,black,G.SKILL,DDR5,no
Patriot DDR4 8GB 5200MHz 1x RAM-0465,391,83,ram,gray,Patriot,DDR4,yes
Kingston DDR3 16GB 1333MHz 1x RAM-0466,322,82,ram,silver,Kingston,DDR3,yes
Patriot DDR3 16GB 6000MHz 1x RAM-0467,552,83,ram,gray,Patriot,DDR3,yes
Corsair DDR3 8GB 2133MHz 1x RAM-0468,222,68,ram,white,Corsair,DDR3,yes
Kingston DDR3 32GB 5200MHz 1x RAM-0469,680,95,ram,silver,Kingston,DDR3,yes
Corsair DDR4 8GB 1333MHz 2x RAM-0470,270,72,ram,white,Corsair,DDR4,yes
Kingston DDR3 8GB 1333MHz 2x RAM-0471,158,65,ram,black,Kingston,DDR3,no
G.SKILL DDR3 32GB 4000MHz 4x RAM-0472,735,82,ram,white,G.SKILL,DDR3,yes
Kingston DDR5 32GB 6400MHz 2x RAM-0473,704,54,ram,silver,Kingston,DDR5,yes
Crucial DDR4 64GB 1333MHz 2x RAM-0474,890,79,ram,black,Crucial,DDR4,yes
Kingston DDR5 64GB 1866MHz 4x RAM-0475,949,81,ram,silver,Kingston,DDR5,yes
Corsair DDR5 64GB 6000MHz 1x RAM-0476,1014,76,ram,white,Corsair,DDR5,no
Patriot DDR3 16GB 1866MHz 1x RAM-0477,288,48,ram,black,Patriot,DDR3,yes
G.SKILL DDR5 16GB 1333MHz 2x RAM-0478,244,75,ram,silver,G.SKILL,DDR5,yes
G.SKILL DDR5 32GB 3600MHz 4x RAM-0479,598,52,ram,white,G.SKILL,DDR5,yes
G.SKILL DDR3 32GB 4000MHz 1x RAM-0480,661,81,ram,white,G.SKILL,DDR3,yes
Corsair DDR3 64GB 5600MHz 1x RAM-0481,977,42,ram,silver,Corsair,DDR3,no
Corsair DDR3 32GB 1866MHz 2x RAM-0482,560,73,ram,black,Corsair,DDR3,yes
Kingston DDR4 8GB 1333MHz 2x RAM-0483,174,46,ram,white,Kingston,DDR4,no
Corsair DDR5 64GB 6400MHz 1x RAM-0484,1109,57,ram,white,Corsair,DDR5,yes
Crucial DDR3 8GB 3200MHz 1x RAM-0485,216,91,ram,white,Crucial,DDR3,no
Corsair DDR4 16GB 3600MHz 2x RAM-0486,371,72,ram,silver,Corsair,DDR4,yes
Crucial DDR5 16GB 6000MHz 2x RAM-0487,566,42,ram,black,Crucial,DDR5,yes
Kingston DDR4 32GB 1333MHz 1x RAM-0488,536,46,ram,black,Kingston,DDR4,no
Corsair DDR4 8GB 5200MHz 4x RAM-0489,421,89,ram,white,Corsair,DDR4,yes
Crucial DDR4 32GB 1333MHz 2x RAM-0490,443,43,ram,silver,Crucial,DDR4,no
Kingston DDR5 8GB 5200MHz 2x RAM-0491,308,76,ram,black,Kingston,DDR5,yes
Crucial DDR3 8GB 4000MHz 4x RAM-0492,392,75,ram,gray,Crucial,DDR3,no
Patriot DDR5 16GB 4000MHz 4x RAM-0493,410,88,ram,gray,Patriot,DDR5,yes
Corsair DDR3 16GB 5600MHz 4x RAM-0494,578,66,ram,silver,Corsair,DDR3,yes
Corsair DDR3 8GB 6000MHz 4x RAM-0495,455,94,ram,black,Corsair,DDR3,yes
Patriot DDR5 64GB 5600MHz 1x RAM-0496,1117,60,ram,silver,Patriot,DDR5,yes
Crucial DDR4 8GB 5600MHz 4x RAM-0497,369,56,ram,black,Crucial,DDR4,no
Kingston DDR5 8GB 1333MHz 4x RAM-0498,262,92,ram,gray,Kingston,DDR5,no
Corsair DDR4 8GB 5600MHz 2x RAM-0499,383,97,ram,gray,Corsair,DDR4,yes
Patriot DDR4 32GB 2133MHz 1x RAM-0500,469,87,ram,white,Patriot,DDR4,yes
Crucial DDR3 32GB 1333MHz 2x RAM-0501,480,65,ram,gray,Crucial,DDR3,yes
G.SKILL DDR3 8GB 3200MHz 1x RAM-0502,268,47,ram,black,G.SKILL,DDR3,yes
Patriot DDR4 16GB 1866MHz 4x RAM-0503,416,62,ram,silver,Patriot,DDR4,yes
G.SKILL DDR3 32GB 1333MHz 4x RAM-0504,618,52,ram,black,G.SKILL,DDR3,no
Crucial DDR5 32GB 3200MHz 1x RAM-0505,558,53,ram,black,Crucial,DDR5,yes
Patriot DDR3 8GB 5200MHz 4x RAM-0506,366,70,ram,silver,Patriot,DDR3,yes
Corsair DDR4 32GB 2133MHz 1x RAM-0507,484,45,ram,white,Corsair,DDR4,yes
Kingston DDR5 16GB 4000MHz 1x RAM-0508,363,94,ram,silver,Kingston,DDR5,no
Corsair DDR4 32GB 6000MHz 1x RAM-0509,750,81,ram,black,Corsair,DDR4,yes
Patriot DDR4 8GB 1333MHz 4x RAM-0510,275,82,ram,black,Patriot,DDR4,no
Crucial DDR3 64GB 6000MHz 1x RAM-0511,1108,56,ram,black,Crucial,DDR3,yes
G.SKILL DDR5 16GB 2133MHz 4x RAM-0512,418,69,ram,silver,G.SKILL,DDR5,no
Kingston DDR3 16GB 5200MHz 2x RAM-0513,472,90,ram,gray,Kingston,DDR3,no
Crucial DDR4 32GB 1600MHz 1x RAM-0514,511,41,ram,white,Crucial,DDR4,yes
Crucial DDR5 8GB 5600MHz 1x RAM-0515,382,43,ram,black,Crucial,DDR5,yes
Kingston DDR4 32GB 6000MHz 2x RAM-0516,779,84,ram,gray,Kingston,DDR4,yes
Corsair DDR3 32GB 4000MHz 4x RAM-0517,665,79,ram,silver,Corsair,DDR3,yes
Kingston DDR3 16GB 5200MHz 4x RAM-0518,454,65,ram,white,Kingston,DDR3,yes
Kingston DDR4 32GB 1600MHz 1x RAM-0519,521,100,ram,white,Kingston,DDR4,no
Kingston DDR4 8GB 3600MHz 2x RAM-0520,284,48,ram,white,Kingston,DDR4,yes
Kingston DDR3 16GB 3200MHz 1x RAM-0521,314,71,ram,black,Kingston,DDR3,no
Crucial DDR5 32GB 1333MHz 4x RAM-0522,611,93,ram,silver,Crucial,DDR5,no
G.SKILL DDR4 64GB 2133MHz 4x RAM-0523,1038,45,ram,white,G.SKILL,DDR4,yes
G.SKILL DDR5 64GB 3200MHz 2x RAM-0524,956,42,ram,silver,G.SKILL,DDR5,no
Crucial DDR5 16GB 5600MHz 4x RAM-0525,498,89,ram,silver,Crucial,DDR5,yes
G.SKILL DDR4 16GB 3200MHz 2x RAM-0526,435,45,ram,white,G.SKILL,DDR4,no
Corsair DDR4 32GB 1866MHz 1x RAM-0527,523,87,ram,black,Corsair,DDR4,yes
Corsair DDR5 64GB 2133MHz 4x RAM-0528,919,89,ram,silver,Corsair,DDR5,no
G.SKILL DDR3 8GB 6400MHz 1x RAM-0529,428,54,ram,gray,G.SKILL,DDR3,yes
Crucial DDR4 32GB 1600MHz 2x RAM-0530,465,68,ram,silver,Crucial,DDR4,yes
Patriot DDR3 32GB 3600MHz 1x RAM-0531,508,98,ram,gray,Patriot,DDR3,no
Patriot DDR3 16GB 3200MHz 4x RAM-0532,411,60,ram,black,Patriot,DDR3,yes
Kingston DDR4 64GB 1600MHz 2x RAM-0533,963,52,ram,white,Kingston,DDR4,yes
Kingston DDR5 8GB 1600MHz 4x RAM-0534,239,41,ram,white,Kingston,DDR5,yes
Patriot DDR3 8GB 3200MHz 1x RAM-0535,335,57,ram,gray,Patriot,DDR3,yes
G.SKILL DDR4 32GB 5600MHz 4x RAM-0536,690,40,ram,gray,G.SKILL,DDR4,no
Corsair DDR5 64GB 2133MHz 1x RAM-0537,879,62,ram,silver,Corsair,DDR5,no
Kingston DDR4 32GB 3600MHz 2x RAM-0538,624,64,ram,black,Kingston,DDR4,yes
Crucial DDR4 64GB 4000MHz 2x RAM-0539,1053,98,ram,black,Crucial,DDR4,yes
Crucial DDR5 16GB 5600MHz 4x RAM-0540,599,72,ram,gray,Crucial,DDR5,no
Kingston DDR5 64GB 5600MHz 1x RAM-0541,979,47,ram,silver,Kingston,DDR5,yes
Corsair DDR3 16GB 5600MHz 2x RAM-0542,454,55,ram,gray,Corsair,DDR3,yes
Corsair DDR5 8GB 6000MHz 1x RAM-0543,337,41,ram,black,Corsair,DDR5,yes
G.SKILL DDR5 32GB 3600MHz 4x RAM-0544,576,98,ram,black,G.SKILL,DDR5,no
Kingston DDR5 16GB 3200MHz 4x RAM-0545,371,80,ram,white,Kingston,DDR5,no
Kingston DDR3 16GB 6000MHz 4x RAM-0546,626,49,ram,black,Kingston,DDR3,no
Kingston DDR3 64GB 1600MHz 2x RAM-0547,933,54,ram,silver,Kingston,DDR3,no
Corsair DDR4 32GB 6000MHz 1x RAM-0548,761,54,ram,white,Corsair,DDR4,yes
G.SKILL DDR3 16GB 2133MHz 4x RAM-0549,441,100,ram,white,G.SKILL,DDR3,no
G.SKILL DDR3 8GB 1333MHz 4x RAM-0550,215,70,ram,gray,G.SKILL,DDR3,no
Kingston DDR4 64GB 5200MHz 4x RAM-0551,1024,81,ram,silver,Kingston,DDR4,yes
Kingston DDR5 64GB 1333MHz 4x RAM-0552,911,82,ram,black,Kingston,DDR5,yes
G.SKILL DDR5 64GB 6400MHz 2x RAM-0553,1045,87,ram,silver,G.SKILL,DDR5,no
Crucial DDR5 32GB 5600MHz 2x RAM-0554,640,89,ram,black,Crucial,DDR5,yes
Corsair DDR3 16GB 1600MHz 2x RAM-0555,382,43,ram,silver,Corsair,DDR3,no
Corsair DDR3 64GB 5200MHz 4x RAM-0556,1073,57,ram,silver,Corsair,DDR3,yes
Crucial DDR4 8GB 5600MHz 2x RAM-0557,350,65,ram,white,Crucial,DDR4,no
G.SKILL DDR5 32GB 3600MHz 4x RAM-0558,622,100,ram,white,G.SKILL,DDR5,yes
Crucial DDR3 16GB 1333MHz 2x RAM-0559,375,78,ram,silver,Crucial,DDR3,yes
Kingston DDR3 16GB 5600MHz 4x RAM-0560,600,82,ram,white,Kingston,DDR3,no
Kingston DDR4 64GB 5200MHz 4x RAM-0561,1056,76,ram,white,Kingston,DDR4,no
G.SKILL DDR3 64GB 4000MHz 1x RAM-0562,996,42,ram,black,G.SKILL,DDR3,no
G.SKILL DDR5 8GB 2133MHz 1x RAM-0563,269,57,ram,silver,G.SKILL,DDR5,no
Patriot DDR3 32GB 6400MHz 1x RAM-0564,748,40,ram,white,Patriot,DDR3,yes
Corsair DDR5 64GB 3600MHz 2x RAM-0565,925,40,ram,silver,Corsair,DDR5,no
Kingston DDR4 32GB 3200MHz 1x RAM-0566,651,65,ram,black,Kingston,DDR4,no
G.SKILL DDR5 32GB 5200MHz 4x RAM-0567,635,62,ram,gray,G.SKILL,DDR5,yes
G.SKILL DDR3 32GB 1600MHz 1x RAM-0568,487,84,ram,silver,G.SKILL,DDR3,no
G.SKILL DDR3 32GB 6000MHz 1x RAM-0569,680,47,ram,gray,G.SKILL,DDR3,yes
Patriot DDR3 8GB 1866MHz 2x RAM-0570,276,66,ram,white,Patriot,DDR3,yes
Kingston DDR5 32GB 2133MHz 4x RAM-0571,618,41,ram,gray,Kingston,DDR5,yes
Patriot DDR5 64GB 1600MHz 1x RAM-0572,968,80,ram,silver,Patriot,DDR5,no
Crucial DDR5 32GB 3600MHz 1x RAM-0573,563,75,ram,silver,Crucial,DDR5,no
Kingston DDR3 64GB 6400MHz 1x RAM-0574,1067,56,ram,black,Kingston,DDR3,no
Corsair DDR4 64GB 1600MHz 1x RAM-0575,879,88,ram,black,Corsair,DDR4,no
Kingston DDR3 16GB 4000MHz 2x RAM-0576,369,68,ram,silver,Kingston,DDR3,yes
Corsair DDR4 8GB 6000MHz 2x RAM-0577,460,57,ram,gray,Corsair,DDR4,no
Kingston DDR4 64GB 5600MHz 4x RAM-0578,1061,65,ram,black,Kingston,DDR4,no
G.SKILL DDR5 8GB 3200MHz 4x RAM-0579,392,78,ram,black,G.SKILL,DDR5,yes
Kingston DDR5 64GB 1866MHz 4x RAM-0580,973,63,ram,gray,Kingston,DDR5,yes
Crucial DDR5 8GB 6000MHz 4x RAM-0581,513,46,ram,white,Crucial,DDR5,yes
Crucial DDR5 64GB 3200MHz 4x RAM-0582,985,100,ram,white,Crucial,DDR5,no
Patriot DDR3 8GB 2133MHz 4x RAM-0583,350,77,ram,silver,Patriot,DDR3,yes
Crucial DDR3 8GB 1333MHz 4x RAM-0584,247,68,ram,black,Crucial,DDR3,no
Kingston DDR3 64GB 5600MHz 1x RAM-0585,1071,42,ram,black,Kingston,DDR3,yes
G.SKILL DDR5 8GB 4000MHz 1x RAM-0586,386,43,ram,gray,G.SKILL,DDR5,yes
Crucial DDR4 16GB 3200MHz 2x RAM-0587,480,87,ram,black,Crucial,DDR4,yes
Crucial DDR4 32GB 5600MHz 4x RAM-0588,706,58,ram,black,Crucial,DDR4,no
Crucial DDR3 32GB 1333MHz 1x RAM-0589,511,98,ram,black,Crucial,DDR3,yes
Patriot DDR3 32GB 4000MHz 2x RAM-0590,594,85,ram,black,Patriot,DDR3,yes
Patriot DDR5 8GB 3600MHz 2x RAM-0591,343,95,ram,gray,Patriot,DDR5,yes
Patriot DDR4 16GB 1600MHz 2x RAM-0592,377,53,ram,black,Patriot,DDR4,yes
Crucial DDR4 16GB 1333MHz 2x RAM-0593,361,47,ram,white,Crucial,DDR4,no
Crucial DDR5 16GB 5200MHz 4x RAM-0594,550,81,ram,silver,Crucial,DDR5,yes
Patriot DDR5 64GB 4000MHz 2x RAM-0595,981,48,ram,black,Patriot,DDR5,no
Kingston DDR3 32GB 2133MHz 4x RAM-0596,511,90,ram,black,Kingston,DDR3,yes
Corsair DDR4 8GB 6400MHz 4x RAM-0597,478,49,ram,silver,Corsair,DDR4,no
Crucial DDR5 16GB 3200MHz 2x RAM-0598,368,44,ram,gray,Crucial,DDR5,yes
Corsair DDR3 8GB 1866MHz 1x RAM-0599,176,50,ram,black,Corsair,DDR3,yes
Kingston DDR4 64GB 1600MHz 2x RAM-0600,869,60,ram,silver,Kingston,DDR4,yes
Crucial DDR4 64GB 6000MHz 1x RAM-0601,1073,67,ram,white,Crucial,DDR4,no
Patriot DDR3 16GB 4000MHz 1x RAM-0602,425,64,ram,white,Patriot,DDR3,no
Kingston DDR4 32GB 3600MHz 1x RAM-0603,661,40,ram,silver,Kingston,DDR4,no
Kingston DDR5 64GB 5600MHz 2x RAM-0604,1101,91,ram,white,Kingston,DDR5,yes
Patriot DDR4 8GB 6400MHz 2x RAM-0605,374,65,ram,silver,Patriot,DDR4,yes
Kingston DDR5 16GB 1866MHz 1x RAM-0606,278,62,ram,white,Kingston,DDR5,yes
Kingston DDR3 32GB 6400MHz 4x RAM-0607,734,58,ram,white,Kingston,DDR3,no
Crucial DDR5 64GB 5600MHz 4x RAM-0608,1126,64,ram,white,Crucial,DDR5,no
Patriot DDR5 64GB 4000MHz 4x RAM-0609,1069,93,ram,gray,Patriot,DDR5,yes
Patriot DDR4 8GB 5200MHz 1x RAM-0610,444,71,ram,black,Patriot,DDR4,no
Crucial DDR3 16GB 6400MHz 1x RAM-0611,500,93,ram,gray,Crucial,DDR3,no
Crucial DDR3 32GB 5200MHz 2x RAM-0612,685,48,ram,gray,Crucial,DDR3,no
Kingston DDR4 32GB 2133MHz 2x RAM-0613,542,89,ram,gray,Kingston,DDR4,no
Corsair DDR5 16GB 1333MHz 4x RAM-0614,399,87,ram,black,Corsair,DDR5,no
Patriot DDR5 64GB 1866MHz 1x RAM-0615,882,71,ram,black,Patriot,DDR5,no
G.SKILL DDR5 16GB 4000MHz 2x RAM-0616,470,100,ram,black,G.SKILL,DDR5,yes
Patriot DDR3 32GB 3200MHz 2x RAM-0617,542,71,ram,silver,Patriot,DDR3,yes
Corsair DDR5 32GB 5600MHz 1x RAM-0618,689,68,ram,silver,Corsair,DDR5,yes
Crucial DDR3 64GB 6400MHz 1x RAM-0619,1073,84,ram,silver,Crucial,DDR3,no
Corsair DDR4 64GB 6000MHz 4x RAM-0620,1153,59,ram,white,Corsair,DDR4,yes
G.SKILL DDR4 16GB 1866MHz 4x RAM-0621,453,86,ram,silver,G.SKILL,DDR4,yes
G.SKILL DDR5 64GB 6000MHz 2x RAM-0622,1095,98,ram,gray,G.SKILL,DDR5,no
Kingston DDR3 16GB 5200MHz 2x RAM-0623,490,67,ram,gray,Kingston,DDR3,yes
Kingston DDR5 8GB 3600MHz 1x RAM-0624,265,85,ram,white,Kingston,DDR5,yes
G.SKILL DDR5 64GB 5200MHz 1x RAM-0625,1084,72,ram,silver,G.SKILL,DDR5,no
Kingston DDR5 16GB 2133MHz 1x RAM-0626,361,73,ram,white,Kingston,DDR5,no
Kingston DDR5 8GB 5200MHz 1x RAM-0627,369,85,ram,black,Kingston,DDR5,no
Corsair DDR5 16GB 6400MHz 1x RAM-0628,531,45,ram,silver,Corsair,DDR5,no
Crucial DDR3 16GB 4000MHz 4x RAM-0629,411,53,ram,gray,Crucial,DDR3,no
G.SKILL DDR3 16GB 1333MHz 4x RAM-0630,397,71,ram,white,G.SKILL,DDR3,no
Corsair DDR3 64GB 4000MHz 2x RAM-0631,1047,74,ram,gray,Corsair,DDR3,no
G.SKILL DDR5 16GB 3600MHz 4x RAM-0632,481,99,ram,silver,G.SKILL,DDR5,yes
Patriot DDR4 16GB 1333MHz 2x RAM-0633,397,74,ram,white,Patriot,DDR4,no
Crucial DDR3 64GB 6400MHz 2x RAM-0634,1145,65,ram,black,Crucial,DDR3,no
Kingston DDR3 8GB 2133MHz 1x RAM-0635,229,77,ram,black,Kingston,DDR3,no
Crucial DDR4 32GB 1600MHz 1x RAM-0636,485,92,ram,silver,Crucial,DDR4,no
Crucial DDR4 16GB 1333MHz 4x RAM-0637,386,61,ram,black,Crucial,DDR4,no
Corsair DDR5 8GB 3600MHz 4x RAM-0638,391,59,ram,silver,Corsair,DDR5,yes
G.SKILL DDR5 32GB 5200MHz 2x RAM-0639,694,92,ram,white,G.SKILL,DDR5,yes
G.SKILL DDR4 8GB 4000MHz 4x RAM-0640,329,45,ram,white,G.SKILL,DDR4,no
Crucial DDR4 16GB 3600MHz 4x RAM-0641,467,57,ram,silver,Crucial,DDR4,no
Crucial DDR5 8GB 1866MHz 4x RAM-0642,323,65,ram,silver,Crucial,DDR5,yes
G.SKILL DDR4 16GB 6000MHz 2x RAM-0643,497,45,ram,gray,G.SKILL,DDR4,yes
Kingston DDR4 8GB 5200MHz 1x RAM-0644,414,56,ram,black,Kingston,DDR4,yes
Kingston DDR3 64GB 1600MHz 2x RAM-0645,964,40,ram,silver,Kingston,DDR3,yes
Corsair DDR4 32GB 3200MHz 4x RAM-0646,632,51,ram,gray,Corsair,DDR4,yes
G.SKILL DDR4 64GB 5600MHz 1x RAM-0647,1026,73,ram,white,G.SKILL,DDR4,yes
G.SKILL DDR4 32GB 1600MHz 1x RAM-0648,456,74,ram,gray,G.SKILL,DDR4,no
Crucial DDR4 32GB 5600MHz 4x RAM-0649,697,67,ram,silver,Crucial,DDR4,no
Corsair DDR5 32GB 5200MHz 1x RAM-0650,697,53,ram,silver,Corsair,DDR5,no
Kingston DDR4 64GB 5600MHz 1x RAM-0651,1076,75,ram,black,Kingston,DDR4,no
G.SKILL DDR3 8GB 3200MHz 1x RAM-0652,355,77,ram,white,G.SKILL,DDR3,no
Kingston DDR5 16GB 1866MHz 1x RAM-0653,297,80,ram,black,Kingston,DDR5,yes
G.SKILL DDR5 64GB 4000MHz 4x RAM-0654,1053,56,ram,black,G.SKILL,DDR5,yes
Patriot DDR3 64GB 1866MHz 1x RAM-0655,866,60,ram,white,Patriot,DDR3,no
Corsair DDR5 32GB 1866MHz 2x RAM-0656,581,90,ram,gray,Corsair,DDR5,no
Crucial DDR5 8GB 1866MHz 2x RAM-0657,235,55,ram,silver,Crucial,DDR5,yes
G.SKILL DDR4 32GB 5600MHz 1x RAM-0658,734,77,ram,silver,G.SKILL,DDR4,yes
Corsair DDR5 16GB 4000MHz 1x RAM-0659,372,79,ram,gray,Corsair,DDR5,yes
Patriot DDR3 32GB 1866MHz 2x RAM-0660,531,100,ram,gray,Patriot,DDR3,no
Patriot DDR3 32GB 3600MHz 2x RAM-0661,651,47,ram,silver,Patriot,DDR3,yes
Corsair DDR3 32GB 1333MHz 2x RAM-0662,567,93,ram,gray,Corsair,DDR3,no
Patriot DDR3 32GB 6000MHz 2x RAM-0663,669,99,ram,gray,Patriot,DDR3,no
Patriot DDR5 32GB 5600MHz 4x RAM-0664,663,56,ram,gray,Patriot,DDR5,yes
G.SKILL DDR5 16GB 1600MHz 2x RAM-0665,286,79,ram,white,G.SKILL,DDR5,yes
Corsair DDR3 16GB 6400MHz 1x RAM-0666,544,91,ram,gray,Corsair,DDR3,yes
G.SKILL DDR5 32GB 1333MHz 1x RAM-0667,476,79,ram,gray,G.SKILL,DDR5,yes
Crucial DDR4 16GB 2133MHz 4x RAM-0668,476,57,ram,white,Crucial,DDR4,no
G.SKILL DDR5 64GB 6000MHz 4x RAM-0669,1158,40,ram,silver,G.SKILL,DDR5,yes
Crucial DDR5 8GB 5200MHz 1x RAM-0670,370,53,ram,white,Crucial,DDR5,yes
Crucial DDR5 64GB 3600MHz 2x RAM-0671,938,98,ram,gray,Crucial,DDR5,no
Kingston DDR3 16GB 6000MHz 2x RAM-0672,448,89,ram,gray,Kingston,DDR3,yes
Crucial DDR4 32GB 2133MHz 2x RAM-0673,550,61,ram,black,Crucial,DDR4,yes
Patriot DDR3 32GB 6400MHz 4x RAM-0674,754,81,ram,white,Patriot,DDR3,yes
G.SKILL DDR4 32GB 6000MHz 2x RAM-0675,736,79,ram,black,G.SKILL,DDR4,yes
Corsair DDR4 32GB 1333MHz 1x RAM-0676,563,95,ram,gray,Corsair,DDR4,no
Corsair DDR3 64GB 2133MHz 1x RAM-0677,873,67,ram,silver,Corsair,DDR3,no
G.SKILL DDR5 16GB 1866MHz 4x RAM-0678,307,65,ram,white,G.SKILL,DDR5,yes
G.SKILL DDR5 8GB 5200MHz 4x RAM-0679,461,42,ram,black,G.SKILL,DDR5,no
Crucial DDR4 32GB 1333MHz 1x RAM-0680,521,58,ram,white,Crucial,DDR4,no
G.SKILL DDR5 64GB 5600MHz 1x RAM-0681,1065,85,ram,black,G.SKILL,DDR5,no
Patriot DDR3 64GB 4000MHz 4x RAM-0682,1090,59,ram,black,Patriot,DDR3,yes
Crucial DDR5 32GB 5600MHz 1x RAM-0683,600,49,ram,white,Crucial,DDR5,no
Corsair DDR4 16GB 6400MHz 2x RAM-0684,596,64,ram,white,Corsair,DDR4,no
Patriot DDR3 64GB 6000MHz 1x RAM-0685,1111,86,ram,white,Patriot,DDR3,yes
Crucial DDR4 8GB 1333MHz 4x RAM-0686,233,48,ram,gray,Crucial,DDR4,yes
Kingston DDR5 16GB 4000MHz 2x RAM-0687,390,61,ram,silver,Kingston,DDR5,yes
Kingston DDR3 8GB 2133MHz 1x RAM-0688,273,55,ram,gray,Kingston,DDR3,no
Kingston DDR4 16GB 5200MHz 2x RAM-0689,504,53,ram,black,Kingston,DDR4,yes
G.SKILL DDR4 64GB 2133MHz 4x RAM-0690,1025,68,ram,gray,G.SKILL,DDR4,no
Corsair DDR4 16GB 3600MHz 1x RAM-0691,360,67,ram,gray,Corsair,DDR4,yes
Kingston DDR3 16GB 2133MHz 1x RAM-0692,348,100,ram,silver,Kingston,DDR3,no
Patriot DDR4 32GB 4000MHz 2x RAM-0693,673,98,ram,gray,Patriot,DDR4,no
Kingston DDR5 8GB 5600MHz 4x RAM-0694,468,88,ram,gray,Kingston,DDR5,no
G.SKILL DDR5 64GB 6000MHz 1x RAM-0695,1111,86,ram,white,G.SKILL,DDR5,no
Kingston DDR4 32GB 4000MHz 1x RAM-0696,629,62,ram,white,Kingston,DDR4,yes
Crucial DDR5 32GB 1600MHz 4x RAM-0697,640,91,ram,gray,Crucial,DDR5,yes
G.SKILL DDR5 8GB 4000MHz 4x RAM-0698,357,92,ram,white,G.SKILL,DDR5,no
Crucial DDR3 16GB 6400MHz 1x RAM-0699,490,66,ram,black,Crucial,DDR3,no
Patriot DDR3 32GB 4000MHz 2x RAM-0700,658,44,ram,white,Patriot,DDR3,yes
Corsair DDR3 8GB 1866MHz 1x RAM-0701,303,57,ram,silver,Corsair,DDR3,no
Corsair DDR4 32GB 4000MHz 4x RAM-0702,674,78,ram,black,Corsair,DDR4,no
Patriot DDR5 8GB 1333MHz 1x RAM-0703,181,50,ram,white,Patriot,DDR5,no
Corsair DDR3 32GB 1333MHz 1x RAM-0704,434,90,ram,silver,Corsair,DDR3,no
G.SKILL DDR4 32GB 5200MHz 1x RAM-0705,731,60,ram,gray,G.SKILL,DDR4,yes
G.SKILL DDR4 32GB 4000MHz 1x RAM-0706,541,75,ram,silver,G.SKILL,DDR4,no
Kingston DDR5 16GB 5200MHz 4x RAM-0707,451,54,ram,gray,Kingston,DDR5,yes
Kingston DDR5 16GB 1600MHz 2x RAM-0708,278,86,ram,black,Kingston,DDR5,no
Crucial DDR5 8GB 4000MHz 1x RAM-0709,270,99,ram,black,Crucial,DDR5,yes
Corsair DDR3 16GB 1866MHz 4x RAM-0710,453,81,ram,silver,Corsair,DDR3,yes
Kingston DDR3 16GB 1866MHz 4x RAM-0711,416,62,ram,white,Kingston,DDR3,yes
Patriot DDR5 64GB 4000MHz 4x RAM-0712,1056,61,ram,white,Patriot,DDR5,no
Patriot DDR3 8GB 1866MHz 2x RAM-0713,192,64,ram,black,Patriot,DDR3,no
G.SKILL DDR4 8GB 3200MHz 4x RAM-0714,343,75,ram,gray,G.SKILL,DDR4,yes
Corsair DDR5 32GB 6000MHz 4x RAM-0715,709,96,ram,white,Corsair,DDR5,yes
Patriot DDR5 16GB 1600MHz 1x RAM-0716,323,93,ram,silver,Patriot,DDR5,yes
G.SKILL DDR3 64GB 6000MHz 1x RAM-0717,1145,74,ram,gray,G.SKILL,DDR3,yes
G.SKILL DDR5 16GB 2133MHz 1x RAM-0718,259,85,ram,silver,G.SKILL,DDR5,yes
G.SKILL DDR5 8GB 2133MHz 2x RAM-0719,200,96,ram,silver,G.SKILL,DDR5,no
Patriot DDR3 32GB 6000MHz 2x RAM-0720,641,88,ram,white,Patriot,DDR3,no
Kingston DDR3 32GB 2133MHz 2x RAM-0721,550,73,ram,white,Kingston,DDR3,yes
G.SKILL DDR3 16GB 1333MHz 4x RAM-0722,394,40,ram,silver,G.SKILL,DDR3,yes
G.SKILL DDR5 32GB 5600MHz 2x RAM-0723,720,75,ram,black,G.SKILL,DDR5,no
Corsair DDR5 32GB 1333MHz 4x RAM-0724,513,79,ram,silver,Corsair,DDR5,no
Crucial DDR3 8GB 6000MHz 1x RAM-0725,429,54,ram,black,Crucial,DDR3,no
Crucial DDR5 16GB 5600MHz 1x RAM-0726,445,98,ram,gray,Crucial,DDR5,yes
Kingston DDR5 8GB 2133MHz 2x RAM-0727,272,41,ram,silver,Kingston,DDR5,yes
G.SKILL DDR3 16GB 5200MHz 2x RAM-0728,463,55,ram,black,G.SKILL,DDR3,no
Crucial DDR5 16GB 5600MHz 1x RAM-0729,521,88,ram,gray,Crucial,DDR5,no
Corsair DDR3 8GB 4000MHz 4x RAM-0730,399,69,ram,white,Corsair,DDR3,yes
G.SKILL DDR3 32GB 1333MHz 2x RAM-0731,503,92,ram,white,G.SKILL,DDR3,yes
G.SKILL DDR4 16GB 6400MHz 4x RAM-0732,509,83,ram,white,G.SKILL,DDR4,yes
Patriot DDR3 16GB 2133MHz 4x RAM-0733,433,49,ram,white,Patriot,DDR3,no
G.SKILL DDR5 64GB 6400MHz 2x RAM-0734,1071,68,ram,black,G.SKILL,DDR5,no
Patriot DDR5 32GB 4000MHz 2x RAM-0735,650,84,ram,gray,Patriot,DDR5,yes
Kingston DDR5 8GB 6400MHz 1x RAM-0736,415,91,ram,white,Kingston,DDR5,no
G.SKILL DDR4 16GB 3600MHz 1x RAM-0737,401,91,ram,gray,G.SKILL,DDR4,no
Corsair DDR4 16GB 1600MHz 2x RAM-0738,383,87,ram,black,Corsair,DDR4,no
Corsair DDR4 8GB 2133MHz 2x RAM-0739,183,67,ram,white,Corsair,DDR4,yes
Corsair DDR3 64GB 4000MHz 4x RAM-0740,1051,55,ram,white,Corsair,DDR3,no
G.SKILL DDR5 32GB 1866MHz 4x RAM-0741,522,94,ram,silver,G.SKILL,DDR5,no
Corsair DDR5 16GB 6000MHz 1x RAM-0742,480,74,ram,gray,Corsair,DDR5,no
Kingston DDR3 32GB 1333MHz 4x RAM-0743,609,67,ram,black,Kingston,DDR3,yes
G.SKILL DDR3 8GB 1600MHz 1x RAM-0744,249,49,ram,gray,G.SKILL,DDR3,yes
Crucial DDR4 8GB 2133MHz 4x RAM-0745,254,49,ram,white,Crucial,DDR4,yes
Kingston DDR3 16GB 3600MHz 1x RAM-0746,352,55,ram,silver,Kingston,DDR3,yes
Crucial DDR5 64GB 1866MHz 4x RAM-0747,981,74,ram,white,Crucial,DDR5,yes
Crucial DDR3 64GB 3200MHz 4x RAM-0748,972,70,ram,black,Crucial,DDR3,yes
Crucial DDR4 16GB 3200MHz 2x RAM-0749,343,44,ram,black,Crucial,DDR4,yes
G.SKILL DDR3 8GB 4000MHz 2x RAM-0750,296,100,ram,silver,G.SKILL,DDR3,no
G.SKILL DDR4 32GB 5200MHz 4x RAM-0751,752,43,ram,white,G.SKILL,DDR4,no
Patriot DDR5 32GB 2133MHz 4x RAM-0752,654,53,ram,black,Patriot,DDR5,no
Patriot DDR4 8GB 3600MHz 1x RAM-0753,358,95,ram,gray,Patriot,DDR4,yes
Kingston DDR4 8GB 2133MHz 1x RAM-0754,183,92,ram,gray,Kingston,DDR4,yes
G.SKILL DDR4 16GB 1600MHz 4x RAM-0755,317,75,ram,gray,G.SKILL,DDR4,yes
Corsair DDR4 32GB 5200MHz 1x RAM-0756,609,80,ram,gray,Corsair,DDR4,yes
G.SKILL DDR4 64GB 5600MHz 4x RAM-0757,1105,53,ram,white,G.SKILL,DDR4,yes
Crucial DDR3 8GB 5200MHz 4x RAM-0758,454,90,ram,silver,Crucial,DDR3,no
Patriot DDR3 64GB 3200MHz 1x RAM-0759,986,90,ram,black,Patriot,DDR3,no
Kingston DDR3 8GB 1600MHz 1x RAM-0760,284,73,ram,silver,Kingston,DDR3,no
Crucial DDR4 32GB 3600MHz 2x RAM-0761,688,48,ram,silver,Crucial,DDR4,yes
Corsair DDR4 8GB 1600MHz 2x RAM-0762,247,76,ram,silver,Corsair,DDR4,no
Corsair DDR4 32GB 1333MHz 1x RAM-0763,461,98,ram,gray,Corsair,DDR4,no
Crucial DDR4 64GB 4000MHz 2x RAM-0764,964,82,ram,white,Crucial,DDR4,yes
Corsair DDR5 32GB 1600MHz 4x RAM-0765,584,54,ram,silver,Corsair,DDR5,no
Kingston DDR5 64GB 6000MHz 1x RAM-0766,1097,63,ram,gray,Kingston,DDR5,no
Kingston DDR5 16GB 1866MHz 1x RAM-0767,313,48,ram,silver,Kingston,DDR5,no
Corsair DDR5 16GB 5600MHz 1x RAM-0768,509,86,ram,gray,Corsair,DDR5,no
G.SKILL DDR4 64GB 3200MHz 2x RAM-0769,963,73,ram,silver,G.SKILL,DDR4,yes
G.SKILL DDR5 32GB 1600MHz 1x RAM-0770,443,68,ram,black,G.SKILL,DDR5,yes
Corsair DDR3 64GB 5200MHz 1x RAM-0771,1101,49,ram,white,Corsair,DDR3,no
G.SKILL DDR5 64GB 1600MHz 4x RAM-0772,1016,55,ram,gray,G.SKILL,DDR5,no
Kingston DDR5 32GB 2133MHz 2x RAM-0773,506,44,ram,black,Kingston,DDR5,no
G.SKILL DDR3 16GB 4000MHz 2x RAM-0774,374,79,ram,silver,G.SKILL,DDR3,yes
Patriot DDR5 64GB 5600MHz 1x RAM-0775,1093,54,ram,silver,Patriot,DDR5,yes
Crucial DDR3 64GB 3200MHz 2x RAM-0776,939,82,ram,silver,Crucial,DDR3,no
Crucial DDR3 8GB 5200MHz 1x RAM-0777,328,90,ram,silver,Crucial,DDR3,yes
Corsair DDR4 32GB 3200MHz 2x RAM-0778,589,80,ram,white,Corsair,DDR4,no
Corsair DDR4 64GB 6000MHz 4x RAM-0779,1127,75,ram,silver,Corsair,DDR4,no
Crucial DDR4 16GB 1333MHz 4x RAM-0780,344,61,ram,white,Crucial,DDR4,no
Crucial DDR3 64GB 5600MHz 2x RAM-0781,1064,97,ram,white,Crucial,DDR3,no
Patriot DDR5 32GB 5200MHz 4x RAM-0782,672,90,ram,white,Patriot,DDR5,no
Corsair DDR5 16GB 4000MHz 2x RAM-0783,409,65,ram,white,Corsair,DDR5,yes
Corsair DDR3 32GB 5600MHz 2x RAM-0784,755,77,ram,black,Corsair,DDR3,yes
Patriot DDR4 8GB 3600MHz 2x RAM-0785,266,82,ram,silver,Patriot,DDR4,no
G.SKILL DDR4 8GB 1866MHz 4x RAM-0786,260,89,ram,black,G.SKILL,DDR4,no
G.SKILL DDR3 16GB 6000MHz 2x RAM-0787,569,62,ram,white,G.SKILL,DDR3,yes
Patriot DDR4 8GB 3600MHz 1x RAM-0788,347,71,ram,gray,Patriot,DDR4,no
G.SKILL DDR4 64GB 3600MHz 4x RAM-0789,1081,40,ram,silver,G.SKILL,DDR4,yes
G.SKILL DDR4 32GB 2133MHz 1x RAM-0790,465,58,ram,white,G.SKILL,DDR4,no
Patriot DDR5 16GB 4000MHz 1x RAM-0791,396,64,ram,white,Patriot,DDR5,yes
Kingston DDR4 8GB 2133MHz 2x RAM-0792,268,81,ram,gray,Kingston,DDR4,no
G.SKILL DDR3 32GB 1333MHz 4x RAM-0793,526,63,ram,white,G.SKILL,DDR3,yes
Patriot DDR5 32GB 6400MHz 1x RAM-0794,621,100,ram,white,Patriot,DDR5,yes
Crucial DDR4 32GB 1333MHz 2x RAM-0795,468,87,ram,silver,Crucial,DDR4,yes
Corsair DDR5 8GB 3600MHz 4x RAM-0796,357,55,ram,silver,Corsair,DDR5,no
Patriot DDR5 64GB 1866MHz 1x RAM-0797,908,82,ram,white,Patriot,DDR5,yes
Crucial DDR4 16GB 1866MHz 4x RAM-0798,346,88,ram,gray,Crucial,DDR4,yes
Patriot DDR3 64GB 1333MHz 4x RAM-0799,995,76,ram,silver,Patriot,DDR3,yes
G.SKILL DDR4 64GB 3600MHz 2x RAM-0800,1070,56,ram,silver,G.SKILL,DDR4,yes
G.SKILL DDR3 16GB 2133MHz 1x RAM-0801,411,49,ram,white,G.SKILL,DDR3,yes
Crucial DDR5 16GB 1866MHz 4x RAM-0802,437,83,ram,black,Crucial,DDR5,no
Patriot DDR3 8GB 1333MHz 1x RAM-0803,283,77,ram,white,Patriot,DDR3,yes
G.SKILL DDR4 16GB 3200MHz 1x RAM-0804,341,72,ram,black,G.SKILL,DDR4,no
Patriot DDR4 32GB 3600MHz 1x RAM-0805,579,88,ram,silver,Patriot,DDR4,no
Kingston DDR4 32GB 6400MHz 2x RAM-0806,712,66,ram,white,Kingston,DDR4,no
G.SKILL DDR3 8GB 1333MHz 4x RAM-0807,202,52,ram,gray,G.SKILL,DDR3,yes
Corsair DDR4 64GB 6000MHz 1x RAM-0808,1090,91,ram,silver,Corsair,DDR4,no
Kingston DDR4 32GB 3600MHz 1x RAM-0809,592,84,ram,black,Kingston,DDR4,no
Crucial DDR3 8GB 1866MHz 1x RAM-0810,202,63,ram,white,Crucial,DDR3,yes
Patriot DDR3 16GB 3600MHz 1x RAM-0811,466,66,ram,gray,Patriot,DDR3,yes
Crucial DDR3 16GB 3200MHz 2x RAM-0812,364,68,ram,black,Crucial,DDR3,yes
Patriot DDR5 64GB 2133MHz 4x RAM-0813,932,76,ram,silver,Patriot,DDR5,yes
Kingston DDR3 64GB 5600MHz 2x RAM-0814,1097,62,ram,gray,Kingston,DDR3,no
Corsair DDR5 32GB 4000MHz 1x RAM-0815,573,89,ram,white,Corsair,DDR5,yes
Patriot DDR3 8GB 2133MHz 1x RAM-0816,243,99,ram,black,Patriot,DDR3,yes
Kingston DDR3 16GB 4000MHz 4x RAM-0817,451,94,ram,gray,Kingston,DDR3,no
Crucial DDR5 64GB 6000MHz 1x RAM-0818,999,69,ram,silver,Crucial,DDR5,yes
Corsair DDR3 16GB 3600MHz 1x RAM-0819,453,81,ram,white,Corsair,DDR3,yes
G.SKILL DDR5 8GB 6000MHz 2x RAM-0820,383,47,ram,black,G.SKILL,DDR5,yes
Kingston DDR4 16GB 6000MHz 2x RAM-0821,535,56,ram,silver,Kingston,DDR4,yes
Corsair DDR5 16GB 6000MHz 1x RAM-0822,543,40,ram,gray,Corsair,DDR5,no
Corsair DDR3 8GB 3200MHz 4x RAM-0823,313,94,ram,gray,Corsair,DDR3,no
Kingston DDR4 64GB 2133MHz 2x RAM-0824,879,46,ram,silver,Kingston,DDR4,yes
G.SKILL DDR5 8GB 2133MHz 2x RAM-0825,321,59,ram,black,G.SKILL,DDR5,no
Corsair DDR3 32GB 5600MHz 1x RAM-0826,668,75,ram,silver,Corsair,DDR3,yes
Patriot DDR4 8GB 6400MHz 2x RAM-0827,443,60,ram,white,Patriot,DDR4,no
G.SKILL DDR4 32GB 4000MHz 2x RAM-0828,667,95,ram,silver,G.SKILL,DDR4,yes
Kingston DDR5 32GB 5600MHz 1x RAM-0829,681,93,ram,white,Kingston,DDR5,no
Crucial DDR3 64GB 1866MHz 2x RAM-0830,868,89,ram,gray,Crucial,DDR3,yes
Patriot DDR3 8GB 5200MHz 4x RAM-0831,485,97,ram,white,Patriot,DDR3,yes
Crucial DDR5 8GB 3600MHz 4x RAM-0832,358,44,ram,white,Crucial,DDR5,yes
Kingston DDR3 64GB 6400MHz 1x RAM-0833,1113,57,ram,silver,Kingston,DDR3,yes
Corsair DDR5 32GB 3600MHz 2x RAM-0834,627,54,ram,white,Corsair,DDR5,yes
Patriot DDR3 64GB 1866MHz 1x RAM-0835,873,52,ram,silver,Patriot,DDR3,yes
Crucial DDR5 64GB 2133MHz 2x RAM-0836,956,44,ram,black,Crucial,DDR5,no
Corsair DDR5 16GB 5600MHz 1x RAM-0837,491,78,ram,black,Corsair,DDR5,no
G.SKILL DDR4 64GB 1600MHz 4x RAM-0838,946,57,ram,gray,G.SKILL,DDR4,no
Corsair DDR5 64GB 5200MHz 2x RAM-0839,1129,65,ram,black,Corsair,DDR5,yes
Patriot DDR4 32GB 6400MHz 1x RAM-0840,730,96,ram,gray,Patriot,DDR4,yes
Kingston DDR3 8GB 6000MHz 4x RAM-0841,467,99,ram,gray,Kingston,DDR3,yes
Patriot DDR4 64GB 2133MHz 1x RAM-0842,954,97,ram,black,Patriot,DDR4,no
Crucial DDR5 8GB 4000MHz 4x RAM-0843,349,71,ram,white,Crucial,DDR5,no
Crucial DDR4 32GB 5200MHz 2x RAM-0844,659,69,ram,black,Crucial,DDR4,yes
Crucial DDR5 32GB 3200MHz 4x RAM-0845,617,57,ram,gray,Crucial,DDR5,yes
Patriot DDR3 32GB 4000MHz 1x RAM-0846,664,69,ram,gray,Patriot,DDR3,no
G.SKILL DDR5 32GB 1333MHz 2x RAM-0847,476,68,ram,black,G.SKILL,DDR5,yes
Crucial DDR3 32GB 5600MHz 2x RAM-0848,722,98,ram,black,Crucial,DDR3,yes
Corsair DDR4 64GB 5200MHz 1x RAM-0849,1092,40,ram,black,Corsair,DDR4,no
Corsair DDR3 16GB 6400MHz 1x RAM-0850,564,60,ram,white,Corsair,DDR3,yes
Patriot DDR4 8GB 6400MHz 1x RAM-0851,389,53,ram,silver,Patriot,DDR4,no
Corsair DDR5 64GB 3600MHz 4x RAM-0852,997,90,ram,white,Corsair,DDR5,no
Kingston DDR4 64GB 3200MHz 4x RAM-0853,1076,90,ram,black,Kingston,DDR4,no
G.SKILL DDR4 64GB 1600MHz 2x RAM-0854,845,100,ram,white,G.SKILL,DDR4,no
Corsair DDR3 16GB 2133MHz 4x RAM-0855,454,99,ram,black,Corsair,DDR3,yes
Crucial DDR5 32GB 1333MHz 4x RAM-0856,502,45,ram,silver,Crucial,DDR5,yes
Crucial DDR4 32GB 1866MHz 2x RAM-0857,523,89,ram,silver,Crucial,DDR4,no
Corsair DDR3 64GB 5200MHz 4x RAM-0858,1049,87,ram,gray,Corsair,DDR3,no
Kingston DDR3 8GB 4000MHz 1x RAM-0859,368,86,ram,silver,Kingston,DDR3,yes
G.SKILL DDR5 32GB 6000MHz 1x RAM-0860,725,88,ram,black,G.SKILL,DDR5,yes
Patriot DDR3 16GB 6400MHz 1x RAM-0861,466,43,ram,white,Patriot,DDR3,no
Patriot DDR3 8GB 2133MHz 1x RAM-0862,208,62,ram,silver,Patriot,DDR3,yes
Kingston DDR4 64GB 6400MHz 4x RAM-0863,1221,90,ram,white,Kingston,DDR4,no
Patriot DDR3 64GB 1866MHz 4x RAM-0864,987,40,ram,white,Patriot,DDR3,no
Corsair DDR4 8GB 5600MHz 4x RAM-0865,517,80,ram,gray,Corsair,DDR4,yes
Crucial DDR5 32GB 1600MHz 1x RAM-0866,446,47,ram,gray,Crucial,DDR5,yes
Patriot DDR3 32GB 3600MHz 1x RAM-0867,539,47,ram,gray,Patriot,DDR3,no
Patriot DDR3 8GB 6000MHz 4x RAM-0868,378,74,ram,black,Patriot,DDR3,yes
G.SKILL DDR3 64GB 5200MHz 2x RAM-0869,985,73,ram,silver,G.SKILL,DDR3,yes
Corsair DDR3 64GB 3200MHz 2x RAM-0870,931,92,ram,silver,Corsair,DDR3,no
Patriot DDR3 64GB 1333MHz 2x RAM-0871,934,48,ram,black,Patriot,DDR3,yes
G.SKILL DDR5 16GB 3600MHz 1x RAM-0872,392,62,ram,white,G.SKILL,DDR5,no
Corsair DDR3 32GB 5200MHz 4x RAM-0873,735,76,ram,white,Corsair,DDR3,no
Corsair DDR3 8GB 3200MHz 1x RAM-0874,324,82,ram,white,Corsair,DDR3,yes
G.SKILL DDR5 16GB 5600MHz 1x RAM-0875,537,50,ram,white,G.SKILL,DDR5,yes
Crucial DDR4 16GB 2133MHz 1x RAM-0876,266,62,ram,gray,Crucial,DDR4,yes
Crucial DDR4 64GB 3600MHz 4x RAM-0877,1078,43,ram,black,Crucial,DDR4,no
G.SKILL DDR3 32GB 2133MHz 1x RAM-0878,461,45,ram,gray,G.SKILL,DDR3,no
Patriot DDR5 32GB 5600MHz 1x RAM-0879,630,93,ram,white,Patriot,DDR5,yes
Crucial DDR3 64GB 3200MHz 1x RAM-0880,939,85,ram,white,Crucial,DDR3,no
Kingston DDR3 8GB 6400MHz 1x RAM-0881,489,75,ram,gray,Kingston,DDR3,yes
Corsair DDR3 16GB 5600MHz 1x RAM-0882,518,60,ram,black,Corsair,DDR3,no
G.SKILL DDR4 16GB 1866MHz 2x RAM-0883,420,97,ram,white,G.SKILL,DDR4,yes
Kingston DDR4 8GB 1866MHz 1x RAM-0884,269,96,ram,gray,Kingston,DDR4,no
Kingston DDR3 8GB 5200MHz 2x RAM-0885,376,75,ram,silver,Kingston,DDR3,no
Patriot DDR5 32GB 3200MHz 4x RAM-0886,566,57,ram,black,Patriot,DDR5,no
Patriot DDR4 16GB 5200MHz 1x RAM-0887,532,42,ram,silver,Patriot,DDR4,yes
Kingston DDR3 8GB 5600MHz 2x RAM-0888,441,40,ram,silver,Kingston,DDR3,yes
Kingston DDR5 64GB 1600MHz 2x RAM-0889,891,98,ram,white,Kingston,DDR5,yes
Crucial DDR3 8GB 5200MHz 4x RAM-0890,433,64,ram,white,Crucial,DDR3,yes
Patriot DDR3 16GB 1600MHz 1x RAM-0891,393,63,ram,silver,Patriot,DDR3,no
Patriot DDR4 64GB 3600MHz 2x RAM-0892,958,73,ram,gray,Patriot,DDR4,yes
Corsair DDR5 32GB 1333MHz 4x RAM-0893,520,45,ram,gray,Corsair,DDR5,no
G.SKILL DDR4 64GB 1333MHz 2x RAM-0894,823,59,ram,black,G.SKILL,DDR4,yes
G.SKILL DDR5 64GB 6400MHz 2x RAM-0895,1144,42,ram,silver,G.SKILL,DDR5,yes
Corsair DDR3 64GB 5200MHz 2x RAM-0896,1045,98,ram,black,Corsair,DDR3,yes
Corsair DDR4 16GB 1600MHz 4x RAM-0897,369,44,ram,gray,Corsair,DDR4,yes
Kingston DDR4 8GB 2133MHz 2x RAM-0898,287,66,ram,black,Kingston,DDR4,yes
G.SKILL DDR4 64GB 1333MHz 1x RAM-0899,889,51,ram,gray,G.SKILL,DDR4,no
Kingston DDR3 16GB 1600MHz 4x RAM-0900,372,42,ram,silver,Kingston,DDR3,no
Patriot DDR3 64GB 5600MHz 1x RAM-0901,1075,100,ram,black,Patriot,DDR3,no
Patriot DDR5 64GB 1600MHz 4x RAM-0902,986,48,ram,gray,Patriot,DDR5,no
G.SKILL DDR5 16GB 2133MHz 1x RAM-0903,264,65,ram,gray,G.SKILL,DDR5,yes
Corsair DDR5 64GB 3600MHz 2x RAM-0904,935,91,ram,silver,Corsair,DDR5,no
Patriot DDR3 16GB 3600MHz 2x RAM-0905,377,94,ram,black,Patriot,DDR3,yes
G.SKILL DDR5 32GB 6400MHz 4x RAM-0906,805,59,ram,silver,G.SKILL,DDR5,no
G.SKILL DDR3 8GB 2133MHz 4x RAM-0907,378,62,ram,silver,G.SKILL,DDR3,yes
Corsair DDR4 16GB 5200MHz 1x RAM-0908,409,53,ram,gray,Corsair,DDR4,yes
Patriot DDR5 32GB 5600MHz 1x RAM-0909,654,80,ram,white,Patriot,DDR5,yes
Corsair DDR5 16GB 3600MHz 4x RAM-0910,478,75,ram,white,Corsair,DDR5,no
Kingston DDR3 64GB 4000MHz 2x RAM-0911,1015,48,ram,white,Kingston,DDR3,no
Crucial DDR5 32GB 2133MHz 1x RAM-0912,546,71,ram,black,Crucial,DDR5,no
Crucial DDR5 64GB 6000MHz 2x RAM-0913,1050,84,ram,black,Crucial,DDR5,yes
Crucial DDR4 8GB 5600MHz 4x RAM-0914,366,77,ram,white,Crucial,DDR4,no
Patriot DDR3 8GB 3600MHz 1x RAM-0915,251,54,ram,black,Patriot,DDR3,no
Kingston DDR4 16GB 6000MHz 4x RAM-0916,603,86,ram,white,Kingston,DDR4,yes
G.SKILL DDR4 16GB 5600MHz 4x RAM-0917,557,99,ram,silver,G.SKILL,DDR4,no
Kingston DDR5 16GB 5200MHz 1x RAM-0918,527,89,ram,gray,Kingston,DDR5,yes
Corsair DDR4 8GB 5200MHz 2x RAM-0919,402,78,ram,gray,Corsair,DDR4,no
Corsair DDR5 8GB 5600MHz 2x RAM-0920,326,66,ram,white,Corsair,DDR5,yes
Patriot DDR5 8GB 2133MHz 2x RAM-0921,270,61,ram,gray,Patriot,DDR5,yes
Crucial DDR3 16GB 4000MHz 1x RAM-0922,436,70,ram,black,Crucial,DDR3,yes
Kingston DDR4 32GB 3200MHz 2x RAM-0923,525,70,ram,gray,Kingston,DDR4,no
Corsair DDR4 16GB 6000MHz 1x RAM-0924,506,92,ram,gray,Corsair,DDR4,no
Crucial DDR4 16GB 1600MHz 2x RAM-0925,272,66,ram,white,Crucial,DDR4,no
Kingston DDR4 32GB 1866MHz 2x RAM-0926,477,95,ram,gray,Kingston,DDR4,yes
Kingston DDR4 8GB 4000MHz 4x RAM-0927,416,76,ram,white,Kingston,DDR4,no
Corsair DDR5 16GB 1600MHz 2x RAM-0928,301,44,ram,white,Corsair,DDR5,yes
Kingston DDR5 64GB 6400MHz 4x RAM-0929,1155,61,ram,black,Kingston,DDR5,no
Corsair DDR4 8GB 6000MHz 4x RAM-0930,423,97,ram,black,Corsair,DDR4,no
Patriot DDR3 64GB 6400MHz 1x RAM-0931,1163,88,ram,white,Patriot,DDR3,yes
G.SKILL DDR3 16GB 6400MHz 1x RAM-0932,441,55,ram,gray,G.SKILL,DDR3,no
G.SKILL DDR4 64GB 5200MHz 4x RAM-0933,1023,84,ram,gray,G.SKILL,DDR4,yes
Kingston DDR3 8GB 6000MHz 1x RAM-0934,349,78,ram,white,Kingston,DDR3,no
Patriot DDR3 32GB 6400MHz 4x RAM-0935,770,44,ram,white,Patriot,DDR3,yes
Kingston DDR5 32GB 5600MHz 4x RAM-0936,804,73,ram,gray,Kingston,DDR5,no
Kingston DDR5 16GB 6400MHz 2x RAM-0937,562,55,ram,gray,Kingston,DDR5,no
G.SKILL DDR5 16GB 1333MHz 2x RAM-0938,343,93,ram,white,G.SKILL,DDR5,no
Corsair DDR5 64GB 5200MHz 1x RAM-0939,1058,88,ram,gray,Corsair,DDR5,yes
Crucial DDR4 8GB 6400MHz 1x RAM-0940,355,91,ram,gray,Crucial,DDR4,no
Patriot DDR5 8GB 1600MHz 2x RAM-0941,278,75,ram,silver,Patriot,DDR5,yes
Patriot DDR3 16GB 1333MHz 4x RAM-0942,360,100,ram,black,Patriot,DDR3,yes
Patriot DDR4 64GB 1866MHz 1x RAM-0943,920,43,ram,silver,Patriot,DDR4,yes
Crucial DDR5 64GB 6400MHz 1x RAM-0944,1055,85,ram,gray,Crucial,DDR5,no
G.SKILL DDR5 64GB 3600MHz 4x RAM-0945,1061,67,ram,black,G.SKILL,DDR5,no
G.SKILL DDR5 64GB 1866MHz 2x RAM-0946,851,92,ram,white,G.SKILL,DDR5,yes
Crucial DDR4 32GB 2133MHz 4x RAM-0947,517,84,ram,silver,Crucial,DDR4,yes
Patriot DDR3 64GB 6400MHz 2x RAM-0948,1045,47,ram,silver,Patriot,DDR3,yes
G.SKILL DDR3 64GB 1600MHz 4x RAM-0949,898,70,ram,black,G.SKILL,DDR3,no
Crucial DDR5 64GB 1866MHz 4x RAM-0950,932,77,ram,white,Crucial,DDR5,no
Crucial DDR3 8GB 5600MHz 1x RAM-0951,459,43,ram,white,Crucial,DDR3,yes
Patriot DDR4 64GB 6400MHz 1x RAM-0952,1122,58,ram,black,Patriot,DDR4,yes
G.SKILL DDR5 64GB 3600MHz 1x RAM-0953,993,91,ram,gray,G.SKILL,DDR5,no
Kingston DDR5 64GB 6400MHz 2x RAM-0954,1090,50,ram,gray,Kingston,DDR5,yes
Crucial DDR5 8GB 3200MHz 1x RAM-0955,236,72,ram,white,Crucial,DDR5,yes
Corsair DDR3 32GB 5200MHz 2x RAM-0956,737,62,ram,white,Corsair,DDR3,no
Corsair DDR4 16GB 1866MHz 4x RAM-0957,398,55,ram,silver,Corsair,DDR4,yes
Corsair DDR3 64GB 6000MHz 4x RAM-0958,1182,93,ram,gray,Corsair,DDR3,yes
Kingston DDR3 16GB 1333MHz 4x RAM-0959,360,96,ram,black,Kingston,DDR3,no
G.SKILL DDR4 64GB 1333MHz 1x RAM-0960,837,67,ram,silver,G.SKILL,DDR4,no
Kingston DDR5 64GB 6400MHz 4x RAM-0961,1194,65,ram,black,Kingston,DDR5,yes
Kingston DDR4 32GB 2133MHz 1x RAM-0962,571,73,ram,black,Kingston,DDR4,yes
Crucial DDR5 64GB 5200MHz 2x RAM-0963,1049,61,ram,gray,Crucial,DDR5,no
Corsair DDR5 8GB 1866MHz 4x RAM-0964,364,60,ram,black,Corsair,DDR5,no
Kingston DDR3 32GB 6400MHz 4x RAM-0965,759,64,ram,black,Kingston,DDR3,no
Patriot DDR3 32GB 2133MHz 2x RAM-0966,470,71,ram,black,Patriot,DDR3,no
Patriot DDR3 16GB 1600MHz 4x RAM-0967,393,99,ram,silver,Patriot,DDR3,yes
Kingston DDR5 32GB 3600MHz 1x RAM-0968,647,53,ram,black,Kingston,DDR5,yes
Corsair DDR5 16GB 5200MHz 1x RAM-0969,426,72,ram,gray,Corsair,DDR5,no
G.SKILL DDR3 32GB 1333MHz 2x RAM-0970,453,63,ram,white,G.SKILL,DDR3,no
G.SKILL DDR4 8GB 3200MHz 1x RAM-0971,239,55,ram,white,G.SKILL,DDR4,yes
Patriot DDR4 8GB 3200MHz 2x RAM-0972,231,50,ram,black,Patriot,DDR4,yes
Patriot DDR5 16GB 1333MHz 2x RAM-0973,375,77,ram,silver,Patriot,DDR5,no
Patriot DDR5 8GB 5600MHz 4x RAM-0974,448,42,ram,gray,Patriot,DDR5,no
Corsair DDR4 8GB 2133MHz 1x RAM-0975,162,88,ram,black,Corsair,DDR4,no
G.SKILL DDR3 8GB 6400MHz 2x RAM-0976,392,88,ram,black,G.SKILL,DDR3,no
Patriot DDR5 8GB 6400MHz 4x RAM-0977,425,79,ram,black,Patriot,DDR5,no
Crucial DDR3 16GB 6000MHz 1x RAM-0978,476,68,ram,black,Crucial,DDR3,yes
Corsair DDR3 16GB 3200MHz 1x RAM-0979,452,61,ram,black,Corsair,DDR3,no
Kingston DDR3 64GB 6400MHz 2x RAM-0980,1104,51,ram,black,Kingston,DDR3,yes
Corsair DDR3 32GB 5600MHz 1x RAM-0981,648,77,ram,white,Corsair,DDR3,yes
Kingston DDR5 32GB 3600MHz 4x RAM-0982,655,75,ram,silver,Kingston,DDR5,no
Patriot DDR5 64GB 1866MHz 1x RAM-0983,860,81,ram,black,Patriot,DDR5,yes
G.SKILL DDR3 8GB 6400MHz 4x RAM-0984,489,65,ram,gray,G.SKILL,DDR3,no
Patriot DDR3 16GB 3600MHz 4x RAM-0985,429,63,ram,white,Patriot,DDR3,yes
Patriot DDR5 8GB 3600MHz 1x RAM-0986,244,86,ram,black,Patriot,DDR5,yes
Crucial DDR3 32GB 1866MHz 1x RAM-0987,511,67,ram,silver,Crucial,DDR3,yes
Patriot DDR4 16GB 2133MHz 1x RAM-0988,361,48,ram,gray,Patriot,DDR4,yes
Crucial DDR5 32GB 1333MHz 1x RAM-0989,496,64,ram,silver,Crucial,DDR5,no
Corsair DDR5 64GB 2133MHz 4x RAM-0990,950,60,ram,white,Corsair,DDR5,yes
Patriot DDR3 64GB 2133MHz 1x RAM-0991,918,42,ram,white,Patriot,DDR3,yes
Crucial DDR3 32GB 6000MHz 2x RAM-0992,650,97,ram,silver,Crucial,DDR3,yes
G.SKILL DDR3 32GB 3200MHz 4x RAM-0993,697,90,ram,black,G.SKILL,DDR3,no
Corsair DDR3 8GB 2133MHz 2x RAM-0994,334,73,ram,white,Corsair,DDR3,no
G.SKILL DDR5 64GB 2133MHz 1x RAM-0995,858,77,ram,white,G.SKILL,DDR5,no
Corsair DDR3 16GB 1866MHz 4x RAM-0996,433,51,ram,black,Corsair,DDR3,no
Patriot DDR5 8GB 3600MHz 4x RAM-0997,291,92,ram,black,Patriot,DDR5,yes
Crucial DDR4 8GB 1333MHz 4x RAM-0998,295,73,ram,black,Crucial,DDR4,yes
G.SKILL DDR3 64GB 5600MHz 1x RAM-0999,1083,98,ram,black,G.SKILL,DDR3,no
Kingston DDR5 32GB 6000MHz 2x RAM-1000,710,86,ram,white,Kingston,DDR5,no
